,,,,,,,,,,,,,,,,,,,,,,,,,,Орлого | Бараа материал хөдөлгөөн,Орлого | Бараа материалын орлого,Орлого | Борлуулалтын буцаалт,Орлого | Дэлгүүрийн борлуулалтын буцаалт,Орлого | Татан авалт,Орлого | Худалдан авалт,Зарлага | Бараа материал борлуулалт,Зарлага | Бараа материал зарлага,Зарлага | Бараа материал хөдөлгөөн,Зарлага | Бараа материалын актлалт,Зарлага | Дэлгүүрийн борлуулалт,Зарлага | Дэлгүүрийн падааны борлуулалт,Зарлага | Худалдан авалтын буцаалт,Зарлага | Үндсэн хөрөнгө рүү шилжүүлэх
,Байршил,Барааны нэр,Эцсийн үлдэгдэл,,Орлого | Бараа материал хөдөлгөөн,Орлого | Бараа материалын орлого,Орлого | Борлуулалтын буцаалт,Орлого | Дэлгүүрийн борлуулалтын буцаалт,Орлого | Татан авалт,Орлого | Худалдан авалт,Зарлага | Бараа материал борлуулалт,Зарлага | Бараа материал зарлага,Зарлага | Бараа материал хөдөлгөөн,Зарлага | Бараа материалын актлалт,Зарлага | Дэлгүүрийн борлуулалт,Зарлага | Дэлгүүрийн падааны борлуулалт,Зарлага | Худалдан авалтын буцаалт,Зарлага | Үндсэн хөрөнгө рүү шилжүүлэх,Орлого нийт,Зарлага нийт,Үлдэгдэл,,,,Байршил, -   , -   , -   , -   , -   , -   , -   , -   , -   , -   , -   , -   , -   , -   
19,PN Gold's,Hyper mass sample 65g vanilla,-21,,490,0,0,0,0,0,251,81,0,0,238,0,0,0,490,570,-80,,,,PN Gold's," 37,699.00 "," 1,828.00 ", -   , 50.00 , -   ," 26,789.00 "," 9,247.02 "," 2,969.00 ", 649.00 , -   ," 53,218.00 ", -   , 614.00 , -   
20,PN Gold's,L-Carnitine 100.000 - Cherry 500ml,-2,,12,0,0,0,0,0,8,4,0,0,2,0,0,0,12,14,-2,,,,PN Store," 110,383.00 "," 7,714.00 "," 6,172.00 ", 197.00 , -   , 911.00 ," 74,517.00 "," 26,632.00 "," 8,755.00 ", 9.00 ," 16,361.00 ", 2.00 , 216.00 , -   
21,PN Gold's,Power BCAA - Green apple 1х*6ш*420гр,-7,,0,0,0,0,0,0,6,0,0,0,0,0,0,0,0,6,-6,,,,Агуулах," 4,556.00 "," 41,990.00 "," 2,622.00 ", -   ," 149,713.00 "," 1,506.00 "," 118,875.00 "," 64,742.00 "," 143,215.00 ", 23.00 , -   , -   , -   , 6.00 
22,PN Gold's,ISO Whey 500g - Chocolate,-1,,20,0,0,0,0,0,2,14,2,0,5,0,0,0,20,23,-3,,,,Баталгаат агуулах , 18.00 , -   , -   , -   ," 1,513.00 ", -   , -   , 1.00 ," 1,212.00 ", -   , -   , -   , -   , -   
23,PN Gold's,L-Carnitine shot,-74,,320,0,0,0,0,0,98,2,10,0,282,0,0,0,320,392,-72,,,,Бямбацогт," 1,677.00 ", -   , -   , -   , -   , -   ," 1,677.00 ", -   , -   , -   , -   , -   , -   , -   
24,PN Gold's,Power Whey - Chocolate 2250g,-1,,6,0,0,0,0,0,3,0,6,0,1,0,0,0,6,10,-4,,,,Оффис, 762.00 , -   , 5.00 , -   , -   , -   , 84.00 , -   , 6.00 , 17.00 , -   , -   , 67.00 , -   
25,PN Gold's,Peanut butter 400g smooth Biotech,-5,,15,0,0,0,0,0,5,15,0,0,1,0,0,0,15,21,-6,,,,,,,,,,,,,,,,,,
26,PN Gold's,Mineral Plex 1000мл шилтэй,-1,,120,0,0,0,0,114,70,0,25,0,127,0,12,0,234,234,0,,,,,,,,,,,,,,,,,,
31,PN Gold's,Protein cream 400g White chocolate Hazelnut,-6,,36,0,0,0,0,0,26,10,14,0,9,0,0,0,36,59,-23,,,,,,,,,,,,,,,,,,
48,PN Gold's,Arthro forte 340g blackcurrent,-4,,0,0,0,0,0,0,4,0,0,0,0,0,0,0,0,4,-4,,,,,,,,,,,,,,,,,,
49,PN Gold's,BCAA Zero 9g ice tea peach,-2,,0,0,0,0,0,0,2,0,0,0,0,0,0,0,0,2,-2,,,,,,,,,,,,,,,,,,
55,PN Gold's,Power Whey - Vanilla 2250g,-2,,16,0,0,0,0,0,1,0,8,0,6,0,0,0,16,15,1,,,,,,,,,,,,,,,,,,
56,PN Gold's,Shaker 600ml /угсардаг нэмэлттэй/ таслагчтай,-15,,116,0,0,0,0,0,15,0,0,0,115,0,0,0,116,130,-14,,,,,,,,,,,,,,,,,,
57,PN Gold's,Amino Liquid currant 1л шилтэй,-14,,81,0,0,0,0,99,45,0,18,0,114,0,17,0,180,194,-14,,,,,,,,,,,,,,,,,,
58,PN Gold's,Ultimate mass chocolate 2270g,-7,,3,0,0,0,0,0,10,0,0,0,0,0,0,0,3,10,-7,,,,,,,,,,,,,,,,,,
59,PN Gold's,ISO Whey 500g - Vanilla,-1,,10,0,0,0,0,0,1,7,0,0,4,0,0,0,10,12,-2,,,,,,,,,,,,,,,,,,
77,PN Gold's,Oatmeal 1kg chocolate,-3,,15,0,0,0,0,0,5,6,0,0,7,0,0,0,15,18,-3,,,,,,,,,,,,,,,,,,
78,PN Gold's,Protein cream 400g Chocolate hazelnut,-28,,45,0,0,0,0,0,46,10,0,0,19,0,0,0,45,75,-30,,,,,,,,,,,,,,,,,,
79,PN Gold's,Power BCAA - Cola 1х*6ш*420гр,-5,,12,0,0,0,0,0,4,0,13,0,0,0,0,0,12,17,-5,,,,,,,,,,,,,,,,,,
80,PN Gold's,Nitrox - Peach 680гр,-3,,21,0,0,0,0,0,12,1,0,0,11,0,0,0,21,24,-3,,,,,,,,,,,,,,,,,,
81,PN Gold's,Test-x 150ш,-4,,0,0,0,0,0,39,4,0,0,0,36,0,3,0,39,43,-4,,,,,,,,,,,,,,,,,,
82,PN Gold's,BCAA Zero 9g pineapple mango,-29,,0,0,0,0,0,0,29,0,0,0,0,0,0,0,0,29,-29,,,,,,,,,,,,,,,,,,
83,PN Gold's,Hyper mass sample 65g chocolate,-11,,520,0,0,0,0,0,245,129,0,0,186,0,0,0,520,560,-40,,,,,,,,,,,,,,,,,,
98,PN Gold's,Hyper Mass - Chocolate 1kg,-9,,10,0,0,0,0,0,10,10,0,0,7,0,0,0,10,27,-17,,,,,,,,,,,,,,,,,,
107,PN Gold's,Power Amino,-6,,35,0,0,1,0,0,10,2,6,0,23,0,0,0,36,41,-5,,,,,,,,,,,,,,,,,,
108,PN Gold's,Ice cream 500g chocolate,-5,,0,0,0,0,0,0,3,4,0,0,0,0,0,0,0,7,-7,,,,,,,,,,,,,,,,,,
115,PN Gold's,Ice cream 500g strawberry,-9,,0,0,0,0,0,0,4,2,0,0,1,0,0,0,0,7,-7,,,,,,,,,,,,,,,,,,
116,PN Gold's,Nitrox - Cranberry 680гр,-5,,27,0,0,0,0,0,21,1,0,0,10,0,0,0,27,32,-5,,,,,,,,,,,,,,,,,,
118,PN Gold's,Power professional,-6,,0,0,0,0,0,0,3,0,3,0,0,0,0,0,0,6,-6,,,,,,,,,,,,,,,,,,
119,PN Gold's,EAA Zero 350g blue grape,-5,,25,0,0,0,0,0,17,5,0,0,9,0,0,0,25,31,-6,,,,,,,,,,,,,,,,,,
121,PN Gold's,Cell Loader 1000гр,-10,,0,0,0,0,0,0,3,0,0,0,0,0,0,0,0,3,-3,,,,,,,,,,,,,,,,,,
122,PN Gold's,Protein bar crisp,-89,,173,0,0,1,0,25,120,0,50,0,101,0,17,0,199,288,-89,,,,,,,,,,,,,,,,,,
123,PN Gold's,Protein bar mixed,-120,,0,0,0,0,0,264,46,0,0,0,194,0,125,0,264,365,-101,,,,,,,,,,,,,,,,,,
127,PN Gold's,L-Carnitine 100.000 - Apple 500ml,-1,,12,0,0,0,0,0,6,2,0,0,5,0,0,0,12,13,-1,,,,,,,,,,,,,,,,,,
128,PN Gold's,Hyper Mass - Vanilla 1kg,-8,,40,0,0,0,0,0,5,11,2,0,26,0,0,0,40,44,-4,,,,,,,,,,,,,,,,,,
129,PN Gold's,L-Glutamine 240гр,-5,,27,0,0,0,0,0,8,1,9,0,14,0,0,0,27,32,-5,,,,,,,,,,,,,,,,,,
133,PN Gold's,Hyper Mass - Caramel cappuchino 1kg,-2,,10,0,0,0,0,0,7,0,0,0,0,0,0,0,10,7,3,,,,,,,,,,,,,,,,,,
138,PN Gold's,Glucosamine 60caps,-11,,18,0,0,0,0,0,5,1,3,0,15,0,0,0,18,24,-6,,,,,,,,,,,,,,,,,,
139,PN Gold's,BCAA Zero 9g green apple,-16,,0,0,0,0,0,0,16,0,0,0,0,0,0,0,0,16,-16,,,,,,,,,,,,,,,,,,
140,PN Gold's,Protein bar oatcake,0,,524,0,0,0,0,0,97,0,0,0,424,0,0,0,524,521,3,,,,,,,,,,,,,,,,,,
141,PN Gold's,Whey protein Powder 908гр 2 төрөл,0,,7,0,0,0,0,0,6,0,0,0,0,0,0,0,7,6,1,,,,,,,,,,,,,,,,,,
142,PN Gold's,Protein bar cookie crunch,0,,414,0,0,7,0,360,55,0,0,0,478,0,250,0,781,783,-2,,,,,,,,,,,,,,,,,,
143,PN Gold's,Whey protein Powder 2270гр 3 төрөл,3,,96,0,0,0,0,111,33,0,52,0,98,0,21,0,207,204,3,,,,,,,,,,,,,,,,,,
146,PN Gold's,BCAA Powder 420гр,-1,,48,0,0,0,0,105,31,0,0,0,111,0,12,0,153,154,-1,,,,,,,,,,,,,,,,,,
147,PN Gold's,Nitrox - Blue grape 680g,-1,,27,0,0,0,0,0,11,6,0,0,9,0,0,0,27,26,1,,,,,,,,,,,,,,,,,,
222,PN Gold's,Raw intensity Blackberry 400g,-13,,0,0,0,0,0,26,15,0,3,0,12,0,9,0,26,39,-13,,,,,,,,,,,,,,,,,,
223,PN Gold's,Nitrox - Tropical 680гр,-1,,18,0,0,0,0,0,7,5,0,0,9,0,0,0,18,21,-3,,,,,,,,,,,,,,,,,,
224,PN Gold's,Energy Gel 60g Professional Orange,-19,,0,0,0,0,0,0,19,0,0,0,0,0,0,0,0,19,-19,,,,,,,,,,,,,,,,,,
225,PN Gold's,Protein snap,0,,500,0,0,0,0,0,160,24,0,0,313,0,0,0,500,497,3,,,,,,,,,,,,,,,,,,
226,PN Gold's,Crush Bar - Cookiescream 64g,0,,372,0,0,0,0,0,378,58,0,0,1,0,0,0,372,437,-65,,,,,,,,,,,,,,,,,,
227,PN Gold's,Snack 12*45g Chocolate,0,,36,0,0,0,0,0,39,0,0,0,0,0,0,0,36,39,-3,,,,,,,,,,,,,,,,,,
238,PN Gold's,Protein bar 15*55g Choco caramel,0,,330,0,0,0,0,0,91,75,0,0,142,0,0,0,330,308,22,,,,,,,,,,,,,,,,,,
239,PN Gold's,Protein cream 400g Caramel,0,,63,0,0,0,0,0,34,4,0,0,23,0,0,0,63,61,2,,,,,,,,,,,,,,,,,,
240,PN Gold's,ISO Whey sample - Cookies 25g,0,,250,0,0,0,0,0,241,9,0,0,6,0,0,0,250,256,-6,,,,,,,,,,,,,,,,,,
241,PN Gold's,Protein wafer,-3,,361,0,0,1,0,0,74,12,0,0,276,0,0,0,362,362,0,,,,,,,,,,,,,,,,,,
242,PN Gold's,Crush Bar - Toffee coconut 64g,0,,348,0,0,0,0,0,199,21,0,0,35,0,0,0,348,255,93,,,,,,,,,,,,,,,,,,
243,PN Gold's,Protein bar 15*55g Caramel peanuts,0,,210,0,0,1,0,0,64,83,0,0,141,0,0,0,211,288,-77,,,,,,,,,,,,,,,,,,
244,PN Gold's,Crush Bar - Chocolate 64g,0,,372,0,0,0,0,0,342,38,0,0,19,0,0,0,372,399,-27,,,,,,,,,,,,,,,,,,
245,PN Gold's,ISO Whey sample - Raspberry 25g,0,,350,0,0,0,0,0,138,91,0,0,9,0,0,0,350,238,112,,,,,,,,,,,,,,,,,,
246,PN Gold's,EAA Zero 350g Lemon,-2,,10,0,0,0,0,0,8,2,0,0,1,0,0,0,10,11,-1,,,,,,,,,,,,,,,,,,
247,PN Gold's,ISO Whey 500g - Cookies,0,,30,0,0,0,0,0,18,5,5,0,4,0,0,0,30,32,-2,,,,,,,,,,,,,,,,,,
248,PN Gold's,Protein cream 400g peanut butter smooth,0,,54,0,0,0,0,0,5,15,0,0,15,0,0,0,54,35,19,,,,,,,,,,,,,,,,,,
249,PN Gold's,Nitrox sample - Cranberry 17g,0,,350,0,0,0,0,0,297,62,65,0,48,0,0,0,350,472,-122,,,,,,,,,,,,,,,,,,
250,PN Gold's,Snack 12*45g Vanilla,0,,24,0,0,0,0,0,12,0,0,0,0,0,0,0,24,12,12,,,,,,,,,,,,,,,,,,
251,PN Gold's,Protein cream 400g Duo white chocolate-chocolate,0,,45,0,0,0,0,0,16,12,0,0,20,0,0,0,45,48,-3,,,,,,,,,,,,,,,,,,
252,PN Gold's,Snack 12*45g BlueBerry,0,,36,0,0,0,0,0,27,0,0,0,0,0,0,0,36,27,9,,,,,,,,,,,,,,,,,,
253,PN Gold's,Snack 12*45g Peach,0,,24,0,0,0,0,0,10,14,0,0,0,0,0,0,24,24,0,,,,,,,,,,,,,,,,,,
254,PN Gold's,Snack 12*45g Caramel,0,,24,0,0,0,0,0,14,0,0,0,0,0,0,0,24,14,10,,,,,,,,,,,,,,,,,,
255,PN Gold's,ISO Whey 500g - Banana,0,,30,0,0,0,0,0,19,6,2,0,6,0,0,0,30,33,-3,,,,,,,,,,,,,,,,,,
256,PN Gold's,Protein bar 15*55g Cookies cream,0,,315,0,0,0,0,0,59,150,19,0,125,0,0,0,315,353,-38,,,,,,,,,,,,,,,,,,
257,PN Gold's,ISO Whey sample - tiramisu 25g,0,,200,0,0,0,0,0,171,0,0,0,50,0,0,0,200,221,-21,,,,,,,,,,,,,,,,,,
258,PN Gold's,Nitrox sample - Peach 17g,0,,300,0,0,0,0,0,108,27,0,0,78,0,0,0,300,213,87,,,,,,,,,,,,,,,,,,
259,PN Gold's,Snack 12*45g Double Chocolate,0,,24,0,0,0,0,0,16,0,0,0,0,0,0,0,24,16,8,,,,,,,,,,,,,,,,,,
260,PN Gold's,ISO Whey 500g - Pineapple mango,0,,20,0,0,0,0,0,18,1,0,0,0,0,0,0,20,19,1,,,,,,,,,,,,,,,,,,
261,PN Gold's,Nitrox sample - Blue grape 17g,0,,290,0,0,0,0,0,90,50,0,0,89,0,0,0,290,229,61,,,,,,,,,,,,,,,,,,
278,PN Gold's,Lipodex 120ш,-2,,6,0,0,0,0,0,4,0,0,0,4,0,0,0,6,8,-2,,,,,,,,,,,,,,,,,,
279,PN Gold's,Shaker 600ml,-10,,185,0,0,0,0,0,64,4,20,0,101,0,0,0,185,189,-4,,,,,,,,,,,,,,,,,,
280,PN Gold's,Vitamin D3 K2 /60ш/,-15,,23,0,0,0,0,0,12,5,5,0,17,0,0,0,23,39,-16,,,,,,,,,,,,,,,,,,
281,PN Gold's,Omega 3 /90ш/,-2,,77,0,0,0,0,0,15,21,9,0,32,0,0,0,77,77,0,,,,,,,,,,,,,,,,,,
282,PN Gold's,ZMA 60ш,-7,,53,0,0,0,0,0,11,7,5,0,34,0,0,0,53,57,-4,,,,,,,,,,,,,,,,,,
283,PN Gold's,Sleep & Relax 450g,-3,,0,0,0,0,0,0,1,0,2,0,0,0,0,0,0,3,-3,,,,,,,,,,,,,,,,,,
284,PN Gold's,Power BCAA - Watermelon 420g,-3,,18,0,0,0,0,0,3,15,0,0,4,0,0,0,18,22,-4,,,,,,,,,,,,,,,,,,
285,PN Gold's,Power Whey - Strawberry 2250g,-0.017,,0,0,0,0,0,0,0.017,0,0,0,0,0,0,0,0,0.017,-0.017,,,,,,,,,,,,,,,,,,
286,PN Gold's,Magna shot 25ml,-58,,180,0,0,0,0,0,85,1,0,0,111,0,0,0,180,197,-17,,,,,,,,,,,,,,,,,,
287,PN Gold's,Zero bar Chocolate 50g,0,,220,0,0,1,0,0,91,90,0,0,56,0,0,0,221,237,-16,,,,,,,,,,,,,,,,,,
288,PN Gold's,Energy gel 60g Orange,0,,48,0,0,0,0,0,5,5,0,0,23,0,0,0,48,33,15,,,,,,,,,,,,,,,,,,
290,PN Gold's,Power Mass - Chocolate 5kg,-6,,10,0,0,0,0,0,2,8,4,0,2,0,0,0,10,16,-6,,,,,,,,,,,,,,,,,,
291,PN Gold's,Protein chips 7*40g sour cream&onion,-1,,0,0,0,0,0,0,1,0,0,0,0,0,0,0,0,1,-1,,,,,,,,,,,,,,,,,,
299,PN Gold's,Bedford 7,-9,,0,0,0,0,0,0,2,0,7,0,0,0,0,0,0,9,-9,,,,,,,,,,,,,,,,,,
300,PN Gold's,Jack's WPC 1000g,-1,,24,0,0,0,0,1,1,0,22,0,2,0,0,0,25,25,0,,,,,,,,,,,,,,,,,,
304,PN Gold's,Zinc 60ш,-7,,11,0,0,0,0,0,2,0,5,0,11,0,0,0,11,18,-7,,,,,,,,,,,,,,,,,,
308,PN Gold's,Energy Gel 60g Peach,0,,24,0,0,0,0,0,15,23,0,0,1,0,0,0,24,39,-15,,,,,,,,,,,,,,,,,,
309,PN Gold's,ISO Whey 500g - Coconut,0,,20,0,0,0,0,0,3,12,1,0,3,0,0,0,20,19,1,,,,,,,,,,,,,,,,,,
310,PN Gold's,ISO Whey sample - Hazelnut 25g,0,,150,0,0,0,0,0,49,51,0,0,45,0,0,0,150,145,5,,,,,,,,,,,,,,,,,,
311,PN Gold's,ISO Whey sample - Strawberry 25g,0,,200,0,0,0,0,0,139,0,0,0,154,0,0,0,200,293,-93,,,,,,,,,,,,,,,,,,
312,PN Gold's,Nitrox sample - Tropical 17g,0,,200,0,0,0,0,0,106,45,0,0,70,0,0,0,200,221,-21,,,,,,,,,,,,,,,,,,
313,PN Gold's,ISO Whey sample - Chocolate 25g,0,,250,0,0,0,0,0,85,46,0,0,145,0,0,0,250,276,-26,,,,,,,,,,,,,,,,,,
314,PN Gold's,Zero bar Hazelnut 50g,0,,160,0,0,0,0,0,36,62,0,0,58,0,0,0,160,156,4,,,,,,,,,,,,,,,,,,
315,PN Gold's,ISO Whey 500g - Tiramisu,0,,10,0,0,0,0,0,1,1,1,0,6,0,0,0,10,9,1,,,,,,,,,,,,,,,,,,
316,PN Gold's,ISO Whey 500g - Raspberry,0,,20,0,0,0,0,0,2,2,3,0,8,0,0,0,20,15,5,,,,,,,,,,,,,,,,,,
317,PN Gold's,Power Testo 120caps,-28,,36,0,0,0,0,0,5,0,34,0,16,0,0,0,36,55,-19,,,,,,,,,,,,,,,,,,
320,PN Gold's,Power Mass - Vanilla 5kg,-1,,0,0,0,0,0,0,0,0,1,0,0,0,0,0,0,1,-1,,,,,,,,,,,,,,,,,,
321,PN Gold's,Power boost - Lemon 1х*6ш*360гр,-6,,0,0,0,0,0,0,0,0,6,0,0,0,0,0,0,6,-6,,,,,,,,,,,,,,,,,,
322,PN Gold's,MSM+ Vitamin C 150g,-9,,24,0,0,0,0,0,0,3,16,0,14,0,0,0,24,33,-9,,,,,,,,,,,,,,,,,,
351,PN Gold's,Ундаа Amino 330ml Lemon soda,0,,528,0,0,0,0,0,590,24,0,0,0,0,0,0,528,614,-86,,,,,,,,,,,,,,,,,,
352,PN Gold's,Ундаа Amino 330ml Raspberry,0,,760,0,0,0,0,0,97,26,0,0,451,0,0,0,760,574,186,,,,,,,,,,,,,,,,,,
353,PN Gold's,Club mate 500мл,0,,3540,0,0,0,0,0,629,78,0,0,2841,0,0,0,3540,3548,-8,,,,,,,,,,,,,,,,,,
354,PN Gold's,Ундаа Collagen vibe 330ml Pineapple coconut,0,,1656,0,0,3,0,0,287,144,0,0,1179,0,0,0,1659,1610,49,,,,,,,,,,,,,,,,,,
355,PN Gold's,Ундаа Amino 330ml Passion fruit,0,,2254,0,0,2,0,0,626,91,0,0,1924,0,0,0,2256,2641,-385,,,,,,,,,,,,,,,,,,
370,PN Gold's,L-Carnitine drink 500ml- Strawberry kiwi,0,,72,0,0,0,0,0,72,0,0,0,0,0,0,0,72,72,0,,,,,,,,,,,,,,,,,,
371,PN Gold's,Oatmeal 1kg apple&banana,0,,15,0,0,0,0,0,4,5,0,0,6,0,0,0,15,15,0,,,,,,,,,,,,,,,,,,
372,PN Gold's,Peanut butter 400g crunchy Biotech,0,,30,0,0,0,0,0,4,1,0,0,24,0,0,0,30,29,1,,,,,,,,,,,,,,,,,,
373,PN Gold's,Power casein - Chocolate 900g,0,,12,0,0,0,0,0,1,11,0,0,0,0,0,0,12,12,0,,,,,,,,,,,,,,,,,,
374,PN Gold's,Tomato soup 30g,0,,50,0,0,0,0,0,11,2,0,0,40,0,0,0,50,53,-3,,,,,,,,,,,,,,,,,,
375,PN Gold's,Zero bar Banana 50g,0,,80,0,0,1,0,0,3,0,0,0,63,0,0,0,81,66,15,,,,,,,,,,,,,,,,,,
376,PN Gold's,Zero bar caramel 50гр,0,,40,0,0,0,0,0,22,0,0,0,19,0,0,0,40,41,-1,,,,,,,,,,,,,,,,,,
377,PN Gold's,L-Carnitine drink 500ml Apple peach,0,,60,0,0,0,0,0,60,0,0,0,0,0,0,0,60,60,0,,,,,,,,,,,,,,,,,,
378,PN Gold's,Power Creatine 300гр,1,,40,0,0,0,0,0,3,1,7,0,21,0,0,0,40,32,8,,,,,,,,,,,,,,,,,,
379,PN Gold's,L-Carnitine powder 300g,0,,59,0,0,1,0,0,3,6,7,0,46,0,0,0,60,62,-2,,,,,,,,,,,,,,,,,,
380,PN Gold's,Cheese soup 30g,0,,50,0,0,0,0,0,16,1,0,0,30,0,0,0,50,47,3,,,,,,,,,,,,,,,,,,
381,PN Gold's,Raw intensity Fruit funch 400g,0,,24,0,0,0,0,0,7,0,6,0,11,0,0,0,24,24,0,,,,,,,,,,,,,,,,,,
382,PN Gold's,Bedford 8,-8,,0,0,0,0,0,0,1,0,7,0,0,0,0,0,0,8,-8,,,,,,,,,,,,,,,,,,
383,PN Gold's,Ундаа Amino 330ml Waikiki,0,,513,0,0,1,0,0,88,49,0,0,283,0,0,0,514,420,94,,,,,,,,,,,,,,,,,,
384,PN Gold's,Хужирт 0.5л,0,,0,0,0,1,0,2916,307,0,0,0,2582,0,0,0,2917,2889,28,,,,,,,,,,,,,,,,,,
385,PN Gold's,Хужирт 1.5л,-2,,0,0,0,2,0,2916,181,0,0,0,2731,0,0,0,2918,2912,6,,,,,,,,,,,,,,,,,,
390,PN Gold's,Multivitamin  90ш,0,,83,0,0,0,0,0,1,9,5,0,68,0,0,0,83,83,0,,,,,,,,,,,,,,,,,,
391,PN Gold's,Club mate 330мл,0,,5218,0,0,10,0,0,565,145,0,0,4348,0,0,0,5228,5058,170,,,,,,,,,,,,,,,,,,
397,PN Gold's,Bedford 2,-10,,0,0,0,0,0,0,0,0,10,0,0,0,0,0,0,10,-10,,,,,,,,,,,,,,,,,,
401,PN Gold's,Bedford 5,-10,,0,0,0,0,0,0,0,0,10,0,0,0,0,0,0,10,-10,,,,,,,,,,,,,,,,,,
403,PN Gold's,ISO Whey sample - Vanilla 25g,0,,200,0,0,0,0,0,0,12,0,0,157,0,0,0,200,169,31,,,,,,,,,,,,,,,,,,
404,PN Gold's,ISO Whey sample - White chocolate 25g,0,,100,0,0,0,0,0,0,50,0,0,43,0,0,0,100,93,7,,,,,,,,,,,,,,,,,,
405,PN Gold's,ISO Whey sample - Pineapple 25g,0,,100,0,0,0,0,0,0,50,0,0,50,0,0,0,100,100,0,,,,,,,,,,,,,,,,,,
406,PN Gold's,ISO Whey sample - coconut 25g,0,,100,0,0,0,0,0,0,51,0,0,47,0,0,0,100,98,2,,,,,,,,,,,,,,,,,,
407,PN Gold's,Ундаа Amino 330ml Super pear,0,,820,0,0,2,0,0,0,28,0,0,653,0,0,0,822,681,141,,,,,,,,,,,,,,,,,,
410,PN Gold's,Ундаа Collagen vibe 330ml Mojito,0,,96,0,0,0,0,0,0,5,0,0,119,0,0,0,96,124,-28,,,,,,,,,,,,,,,,,,
469,PN Gold's,Ундаа Collagen vibe 330ml Passion fruit,0,,336,0,0,0,0,0,0,231,0,0,45,0,0,0,336,276,60,,,,,,,,,,,,,,,,,,
470,PN Gold's,ISO Whey sample - Bananas 25g,0,,150,0,0,0,0,0,0,49,0,0,100,0,0,0,150,149,1,,,,,,,,,,,,,,,,,,
472,PN Gold's,Vitamin C 60ш,-21,,10,0,0,0,0,0,0,1,4,0,26,0,0,0,10,31,-21,,,,,,,,,,,,,,,,,,
521,PN Gold's,Power Casein,0,,0,11,0,0,0,0,0,0,0,0,11,0,0,0,11,11,0,,,,,,,,,,,,,,,,,,
522,PN Gold's,Power Mass,0,,9,8,0,0,0,0,0,0,12,0,5,0,0,0,17,17,0,,,,,,,,,,,,,,,,,,
523,PN Gold's,Power BCAA,0,,24,14,0,1,0,0,0,2,0,0,37,0,0,0,39,39,0,,,,,,,,,,,,,,,,,,
524,PN Gold's,Crush Bar,0,,420,53,0,1,0,0,0,10,0,0,460,0,0,0,474,470,4,,,,,,,,,,,,,,,,,,
525,PN Gold's,EAA Zero 350гр,0,,30,5,0,0,0,0,0,1,11,0,23,0,0,0,35,35,0,,,,,,,,,,,,,,,,,,
526,PN Gold's,Energy Gel ,0,,0,28,0,0,0,0,0,0,0,0,26,0,0,0,28,26,2,,,,,,,,,,,,,,,,,,
527,PN Gold's,Hyper Mass 1000гр,2,,87,19,0,0,0,0,20,9,9,0,67,0,0,0,106,105,1,,,,,,,,,,,,,,,,,,
528,PN Gold's,Hyper mass sample,0,,520,195,0,0,0,0,4,9,0,0,677,0,0,0,715,690,25,,,,,,,,,,,,,,,,,,
529,PN Gold's,Ice cream powder 500гр,0,,0,6,0,0,0,0,0,0,0,0,6,0,0,0,6,6,0,,,,,,,,,,,,,,,,,,
530,PN Gold's,ISO Whey 500гр,0,,120,28,0,1,0,0,27,24,5,0,92,0,0,0,149,148,1,,,,,,,,,,,,,,,,,,
531,PN Gold's,ISO Whey sample,0,,435,399,0,0,0,0,19,22,0,0,782,0,0,0,834,823,11,,,,,,,,,,,,,,,,,,
532,PN Gold's,Nitrox 680гр,-1,,116,9,0,0,0,0,0,3,0,0,122,0,0,0,125,125,0,,,,,,,,,,,,,,,,,,
533,PN Gold's,L-Carnitine 100.000,0,,71,1,0,1,0,0,0,8,1,0,63,0,0,0,73,72,1,,,,,,,,,,,,,,,,,,
534,PN Gold's,Nitrox sample,0,,582,172,0,0,0,0,0,7,15,0,732,0,0,0,754,754,0,,,,,,,,,,,,,,,,,,
535,PN Gold's,Oatmeal 1000гр,0,,5,10,0,0,0,0,0,0,0,0,13,0,0,0,15,13,2,,,,,,,,,,,,,,,,,,
536,PN Gold's,Peanut butter 400гр,0,,25,15,0,0,0,0,0,0,0,0,39,0,0,0,40,39,1,,,,,,,,,,,,,,,,,,
537,PN Gold's,Zero bar,0,,340,117,0,0,0,0,0,6,40,0,399,0,0,0,457,445,12,,,,,,,,,,,,,,,,,,
538,PN Gold's,Amino vibe 330мл,0,,0,47,0,0,0,0,0,0,0,0,0,0,0,0,47,0,47,,,,,,,,,,,,,,,,,,
539,PN Gold's,Collagen vibe 330мл,0,,4848,373,0,3,0,0,0,235,0,0,4978,0,0,0,5224,5213,11,,,,,,,,,,,,,,,,,,
540,PN Gold's,Protein bar nanosupps,-10,,1047,278,0,0,0,0,0,67,0,0,1129,0,0,0,1325,1196,129,,,,,,,,,,,,,,,,,,
541,PN Gold's,Protein cream 400гр,0,,158,40,0,0,0,0,0,5,18,0,163,0,0,0,198,186,12,,,,,,,,,,,,,,,,,,
551,PN Gold's,Energy Gel Professional,0,,0,0,0,1,0,0,0,0,0,0,3,0,0,0,1,3,-2,,,,,,,,,,,,,,,,,,
556,PN Gold's,Raw Intesity DRINK 330ml,0,,105,0,0,0,0,0,0,0,0,0,105,0,1,0,105,106,-1,,,,,,,,,,,,,,,,,,
558,PN Gold's,Sporica drink,121,,0,0,0,5,0,2904,55,0,0,0,2850,0,0,0,2909,2905,4,,,,,,,,,,,,,,,,,,
559,PN Gold's,Target energy drink,-87,,0,0,0,0,0,3427,225,0,0,0,3201,0,0,0,3427,3426,1,,,,,,,,,,,,,,,,,,
560,PN Gold's,Musashi energy drink,0,,0,0,0,0,0,756,41,0,0,0,714,0,0,0,756,755,1,,,,,,,,,,,,,,,,,,
561,PN Gold's,Doctor эрдэст ус,-1,,0,0,0,0,0,800,78,0,0,0,741,0,0,0,800,819,-19,,,,,,,,,,,,,,,,,,
566,PN Gold's,Ессентуки Рашаан,-5,,0,0,0,0,0,840,69,0,0,0,771,0,0,0,840,840,0,,,,,,,,,,,,,,,,,,
567,PN Gold's,Baked oatcake,-1,,0,0,0,0,0,659,0,0,0,0,649,0,2,0,659,651,8,,,,,,,,,,,,,,,,,,
568,PN Gold's,Baked oat tart,0,,0,0,0,0,0,32,0,0,0,0,24,0,0,0,32,24,8,,,,,,,,,,,,,,,,,,
569,PN Gold's,Baked oat muffin,0,,0,0,0,0,0,242,0,0,0,0,226,0,4,0,242,230,12,,,,,,,,,,,,,,,,,,
573,PN Gold's,Baked cookie,0,,0,0,0,0,0,7,0,0,0,0,0,0,0,0,7,0,7,,,,,,,,,,,,,,,,,,
594,PN Gold's,Tribooster 60ш,2,,25,0,0,0,0,0,2,0,15,0,6,0,0,0,25,23,2,,,,,,,,,,,,,,,,,,
595,PN Gold's,Хужирт 0.33л бөмбөлөгтэй,-24,,0,0,0,0,0,1240,15,0,0,0,1225,0,0,0,1240,1240,0,,,,,,,,,,,,,,,,,,
596,PN Gold's,Хужирт 0.6л бөмбөлөгтэй,0,,0,0,0,0,0,1126,26,0,0,0,1100,0,0,0,1126,1126,0,,,,,,,,,,,,,,,,,,
607,PN Gold's,Ундаа Amino 330ml Watermelon,0,,0,0,0,0,0,0,0,0,0,0,1,0,0,0,0,1,-1,,,,,,,,,,,,,,,,,,
608,PN Gold's,Black Blood NOX+ 340g,0,,5,0,0,0,0,0,0,0,0,0,5,0,0,0,5,5,0,,,,,,,,,,,,,,,,,,
609,PN Gold's,Black Test 90 caps,0,,5,0,0,0,0,0,0,0,2,0,3,0,0,0,5,5,0,,,,,,,,,,,,,,,,,,
610,PN Gold's,Mission 210g,0,,5,0,0,0,0,0,0,0,4,0,1,0,0,0,5,5,0,,,,,,,,,,,,,,,,,,
611,PN Gold's,"Hair, Skin & Nails 54 caps",0,,5,0,0,0,0,0,0,1,2,0,2,0,0,0,5,5,0,,,,,,,,,,,,,,,,,,
612,PN Gold's,FAT-X 60 tbl,0,,5,0,0,0,0,0,0,0,3,0,2,0,0,0,5,5,0,,,,,,,,,,,,,,,,,,
615,PN Gold's,Black blood NOX+ 20g,0,,131,0,0,0,0,0,0,0,0,0,130,0,0,0,131,130,1,,,,,,,,,,,,,,,,,,
616,PN Gold's,Gatorade,-3,,0,0,0,0,0,696,10,0,0,0,692,0,0,0,696,702,-6,,,,,,,,,,,,,,,,,,
626,PN Gold's,Power Whey 2250гр,0,,19,0,0,0,0,0,0,1,0,0,18,0,0,0,19,19,0,,,,,,,,,,,,,,,,,,
628,PN Gold's,Allstar Whey shake,-69,,1275,0,0,0,0,75,0,0,0,0,1412,0,0,0,1350,1412,-62,,,,,,,,,,,,,,,,,,
629,PN Gold's,Green juice,-8,,0,0,0,0,0,90,0,0,0,0,86,0,12,0,90,98,-8,,,,,,,,,,,,,,,,,,
630,PN Gold's,Salad,0,,0,0,0,0,0,320,0,0,0,0,313,0,10,0,320,323,-3,,,,,,,,,,,,,,,,,,
631,PN Gold's,Red velvet,0,,0,0,0,0,0,10,0,0,0,0,8,0,0,0,10,8,2,,,,,,,,,,,,,,,,,,
632,PN Gold's,Napoleon,0,,0,0,0,0,0,273,0,0,0,0,259,0,7,0,273,266,7,,,,,,,,,,,,,,,,,,
633,PN Gold's,Банана 1ш,-40,,0,0,0,0,0,1301,0,0,0,0,1317,0,8,0,1301,1325,-24,,,,,,,,,,,,,,,,,,
634,PN Gold's,Үхрийн махтай хоол,100,,0,0,0,0,0,1344,0,0,0,0,1184,0,12,0,1344,1196,148,,,,,,,,,,,,,,,,,,
635,PN Gold's,Тахиан махтай хоол,-103,,0,0,0,1,0,1467,6,0,0,0,1570,0,33,0,1468,1609,-141,,,,,,,,,,,,,,,,,,
636,PN Gold's,Өндөг 1ш,-15,,0,0,0,1,0,1724,0,0,0,0,1674,0,55,0,1725,1729,-4,,,,,,,,,,,,,,,,,,
637,PN Gold's,Americano,17,,0,0,0,0,0,96,0,0,0,0,75,0,0,0,96,75,21,,,,,,,,,,,,,,,,,,
638,PN Gold's,Бүхэл үрийн талхтай сэндвич,0,,0,0,0,0,0,4,0,0,0,0,2,0,2,0,4,4,0,,,,,,,,,,,,,,,,,,
642,PN Gold's,Елма №2,6,,0,0,0,0,0,200,176,0,0,0,18,0,0,0,200,194,6,,,,,,,,,,,,,,,,,,
643,PN Gold's,Елма махиста 20гр,0,,0,0,0,0,0,10,9,0,0,0,1,0,0,0,10,10,0,,,,,,,,,,,,,,,,,,
644,PN Gold's,Елма №10,2,,0,0,0,0,0,80,49,0,0,0,29,0,0,0,80,78,2,,,,,,,,,,,,,,,,,,
645,PN Gold's,Архыз Вита 0.5л,20,,0,0,0,0,0,32,0,0,0,0,0,0,0,0,32,0,32,,,,,,,,,,,,,,,,,,
646,PN Gold's,Mass gain 2000g,0,,0,0,0,0,0,10,0,0,0,0,7,0,2,0,10,9,1,,,,,,,,,,,,,,,,,,
647,PN Gold's,Jack's prework out shake,-1,,0,0,0,0,0,40,0,0,0,0,30,0,0,0,40,30,10,,,,,,,,,,,,,,,,,,
648,PN Gold's,Jack's amino 300g,0,,0,0,0,0,0,1,0,0,0,0,0,0,0,0,1,0,1,,,,,,,,,,,,,,,,,,
649,PN Gold's,Jack's BCAA 300g,0,,0,0,0,0,0,1,0,0,0,0,0,0,0,0,1,0,1,,,,,,,,,,,,,,,,,,
662,PN Gold's,Жигнэмэг,0,,0,0,0,0,0,6,0,0,0,0,6,0,0,0,6,6,0,,,,,,,,,,,,,,,,,,
0,PN Store,Power BCAA - Cola 1х*6ш*420гр,0,167,20,0,6,0,0,0,159,8,12,0,11,0,0,0,26,190,3,,,,,,,,,,,,,,,,,,
1,PN Store,Hyper Mass - Vanilla 1kg,-1,59,133,0,5,0,0,0,93,45,25,0,34,0,0,0,138,197,0,,,,,,,,,,,,,,,,,,
2,PN Store,Power professional,-35,0,231,0,28,0,0,0,164,84,0,0,0,0,0,0,259,248,11,,,,,,,,,,,,,,,,,,
3,PN Store,Protein cream 400g White chocolate Hazelnut,4,114,194,0,29,0,0,0,65,178,12,0,7,0,0,0,223,262,75,,,,,,,,,,,,,,,,,,
4,PN Store,Protan DIY,-42,0,0,0,0,0,0,0,40,2,0,0,0,0,0,0,0,42,-42,,,,,,,,,,,,,,,,,,
5,PN Store,Power boost - Lemon 1х*6ш*360гр,1,47,6,0,3,0,0,0,52,2,0,0,1,0,0,0,9,55,1,,,,,,,,,,,,,,,,,,
6,PN Store,Magna shot 25ml,0,3,480,0,160,0,0,0,410,96,66,0,68,0,0,0,640,640,3,,,,,,,,,,,,,,,,,,
7,PN Store,Ундаа Amino 330ml Lemon soda,106,377,7012,0,1267,0,0,0,5433,2682,288,0,1,0,0,0,8279,8404,252,,,,,,,,,,,,,,,,,,
8,PN Store,Ундаа Amino 330ml Waikiki,815,197,9741,0,626,0,0,0,9402,1352,355,0,137,0,0,0,10367,11246,-682,,,,,,,,,,,,,,,,,,
9,PN Store,Power BCAA - Green apple 1х*6ш*420гр,-1,45,39,0,1,0,0,0,83,1,0,0,0,0,0,0,40,84,1,,,,,,,,,,,,,,,,,,
10,PN Store,Tribooster 60ш,-5,61,70,0,0,0,0,0,53,18,3,0,59,0,0,0,70,133,-2,,,,,,,,,,,,,,,,,,
11,PN Store,Ундаа Amino 330ml Passion fruit,-74,471,8826,0,264,3,0,0,7501,1579,189,0,262,0,0,0,9093,9531,33,,,,,,,,,,,,,,,,,,
12,PN Store,Ундаа Collagen vibe 330ml Passion fruit,-49,743,5424,0,109,0,0,0,4794,1083,72,0,155,0,0,0,5533,6104,172,,,,,,,,,,,,,,,,,,
13,PN Store,Shaker 600ml /угсардаг нэмэлттэй/ таслагчтай,1,100,291,0,9,4,0,0,166,36,38,0,151,0,0,0,304,391,13,,,,,,,,,,,,,,,,,,
14,PN Store,Power Testo 120caps,11,182,532,0,17,4,0,0,187,28,14,0,465,0,0,0,553,694,41,,,,,,,,,,,,,,,,,,
15,PN Store,Protein cream 400g peanut butter smooth,-23,0,225,0,13,1,0,0,135,56,8,0,49,0,0,0,239,248,-9,,,,,,,,,,,,,,,,,,
16,PN Store,Sleep & Relax 450g,-1,73,2,0,34,0,0,0,54,57,0,0,0,0,0,0,36,111,-2,,,,,,,,,,,,,,,,,,
17,PN Store,Energy Gel 60g Professional Orange,0,173,120,0,11,0,0,0,130,200,0,0,10,0,0,0,131,340,-36,,,,,,,,,,,,,,,,,,
18,PN Store,Ундаа Amino 330ml Raspberry,93,424,8488,0,135,0,0,0,7491,1170,146,0,55,0,0,0,8623,8862,185,,,,,,,,,,,,,,,,,,
27,PN Store,L-Carnitine drink 500ml Apple peach,-13,90,168,0,0,0,0,0,104,120,12,0,1,0,0,0,168,237,21,,,,,,,,,,,,,,,,,,
28,PN Store,Power Mass - Vanilla 5kg,-1,20,93,0,3,0,0,0,109,6,0,0,0,0,0,0,96,115,1,,,,,,,,,,,,,,,,,,
29,PN Store,L-Carnitine drink 500ml- Strawberry kiwi,1,62,179,0,7,0,0,0,147,89,12,0,0,0,0,0,186,248,0,,,,,,,,,,,,,,,,,,
30,PN Store,Shaker 600ml,11,117,557,0,23,1,0,0,219,126,121,2,212,0,0,0,581,680,18,,,,,,,,,,,,,,,,,,
32,PN Store,Ундаа Collagen vibe 330ml Mojito,-925,0,5398,0,215,0,0,0,4519,1462,228,0,73,0,0,0,5613,6282,-669,,,,,,,,,,,,,,,,,,
33,PN Store,Ундаа Collagen vibe 330ml Pineapple coconut,-25,746,5589,0,148,2,0,0,4630,1269,177,0,212,0,0,0,5739,6288,197,,,,,,,,,,,,,,,,,,
34,PN Store,L-Carnitine shot,-132,0,1130,0,20,3,0,0,513,202,393,0,136,0,0,0,1153,1244,-91,,,,,,,,,,,,,,,,,,
35,PN Store,Glucosamine 60caps,0,36,105,0,1,0,0,0,25,56,23,0,34,0,0,0,106,138,4,,,,,,,,,,,,,,,,,,
36,PN Store,EAA Zero 350g Lemon,1,6,150,0,5,1,0,0,47,55,17,0,43,0,0,0,156,162,0,,,,,,,,,,,,,,,,,,
37,PN Store,Nitrox - Peach 680гр,12,25,93,0,0,0,0,0,67,6,33,0,14,0,0,0,93,120,-2,,,,,,,,,,,,,,,,,,
38,PN Store,Power Whey - Strawberry 2250g,0,1,0,0,0,0,0,0,1,0,0,0,0,0,0,0,0,1,0,,,,,,,,,,,,,,,,,,
39,PN Store,Nitrox - Cranberry 680гр,-18,33,94,0,0,0,0,0,74,26,13,0,14,0,0,0,94,127,0,,,,,,,,,,,,,,,,,,
40,PN Store,Hyper mass sample 65g vanilla,0,1,80,0,0,0,0,0,1,39,0,0,42,0,0,0,80,82,-1,,,,,,,,,,,,,,,,,,
41,PN Store,Power Amino,-102,0,521,0,17,6,0,0,295,85,49,0,205,0,0,0,544,634,-90,,,,,,,,,,,,,,,,,,
42,PN Store,Power Whey - Vanilla 2250g,-2,1,219,0,0,3,0,0,92,7,27,0,87,0,0,0,222,213,10,,,,,,,,,,,,,,,,,,
43,PN Store,Nitrox - Tropical 680гр,6,22,90,0,0,0,0,0,74,8,8,0,13,0,0,0,90,103,9,,,,,,,,,,,,,,,,,,
47,PN Store,Ундаа Amino 330ml Super pear,298,322,7191,0,459,11,0,0,5760,1640,203,0,240,0,0,0,7661,7843,140,,,,,,,,,,,,,,,,,,
50,PN Store,ZMA 60ш,7,177,365,0,36,2,0,0,96,161,61,0,235,0,0,0,403,553,27,,,,,,,,,,,,,,,,,,
51,PN Store,Vitamin C 60ш,-1,208,4,0,34,1,0,0,63,121,13,0,45,0,0,0,39,242,5,,,,,,,,,,,,,,,,,,
52,PN Store,Power Mass - Chocolate 5kg,2,3,150,0,2,0,0,0,72,49,7,0,25,0,0,0,152,153,2,,,,,,,,,,,,,,,,,,
53,PN Store,Oatmeal 1kg apple&banana,-3,0,130,0,8,0,0,0,21,69,21,0,24,0,0,0,138,135,3,,,,,,,,,,,,,,,,,,
54,PN Store,L-Carnitine 100.000 - Cherry 500ml,-4,0,222,0,2,0,0,0,47,147,25,0,10,0,0,0,224,229,-5,,,,,,,,,,,,,,,,,,
60,PN Store,MSM+ Vitamin C 150g,0,89,112,0,13,2,0,0,66,88,8,0,51,0,0,0,127,213,3,,,,,,,,,,,,,,,,,,
61,PN Store,Ice cream 500g chocolate,0,9,30,0,3,0,0,0,18,17,0,0,8,0,0,0,33,43,-1,,,,,,,,,,,,,,,,,,
62,PN Store,Ice cream 500g strawberry,0,7,30,0,0,0,0,0,23,7,0,0,5,0,0,0,30,35,2,,,,,,,,,,,,,,,,,,
63,PN Store,Arthro forte 340g blackcurrent,0,11,0,0,15,1,0,0,14,9,0,0,2,0,0,0,16,25,2,,,,,,,,,,,,,,,,,,
64,PN Store,Power BCAA - Watermelon 420g,0,66,149,0,1,0,0,0,92,67,3,0,53,0,0,0,150,215,1,,,,,,,,,,,,,,,,,,
65,PN Store,Vitamin D3 K2 /60ш/,-1,150,386,0,35,1,0,0,86,150,155,0,164,0,0,0,422,555,17,,,,,,,,,,,,,,,,,,
73,PN Store,Ундаа Amino 330ml cucumber lime,-12,20,0,0,176,0,0,0,8,219,0,0,0,0,0,0,176,227,-31,,,,,,,,,,,,,,,,,,
74,PN Store,Club mate 500мл,1,0,7280,0,301,0,0,0,6347,925,160,0,74,0,0,0,7581,7506,75,,,,,,,,,,,,,,,,,,
75,PN Store,Ундаа Amino 330ml Pink berry,0,0,0,0,3,0,0,0,0,0,0,0,0,0,0,0,3,0,3,,,,,,,,,,,,,,,,,,
76,PN Store,Ундаа Amino 330ml Watermelon,0,0,0,0,238,0,0,0,161,76,0,0,0,0,0,0,238,237,1,,,,,,,,,,,,,,,,,,
84,PN Store,EAA Zero 350g blue grape,-1,8,150,0,7,0,0,0,67,45,15,0,35,0,0,0,157,162,3,,,,,,,,,,,,,,,,,,
85,PN Store,Hyper Mass - Caramel cappuchino 1kg,2,52,30,0,3,0,0,0,56,10,10,0,4,0,0,0,33,80,5,,,,,,,,,,,,,,,,,,
86,PN Store,Club mate 330мл,0,153,1728,0,20,0,0,0,1674,196,0,0,12,0,0,0,1748,1882,19,,,,,,,,,,,,,,,,,,
87,PN Store,Zinc 60ш,-1,140,5,0,36,0,0,0,88,43,14,0,27,0,0,0,41,172,9,,,,,,,,,,,,,,,,,,
97,PN Store,Protein cream 400g Caramel,0,0,216,0,13,0,0,0,79,87,16,0,40,0,0,0,229,222,7,,,,,,,,,,,,,,,,,,
99,PN Store,Energy gel 60g Orange,-3,21,96,0,42,0,0,0,89,4,48,0,0,0,0,0,138,141,18,,,,,,,,,,,,,,,,,,
100,PN Store,L-Glutamine 240гр,0,8,162,0,4,1,0,0,33,76,16,0,50,0,0,0,167,175,0,,,,,,,,,,,,,,,,,,
101,PN Store,Nitrox - Blue grape 680g,-9,26,95,0,5,0,0,0,77,25,17,0,20,0,0,0,100,139,-13,,,,,,,,,,,,,,,,,,
111,PN Store,Hyper Mass - Chocolate 1kg,-1,0,135,0,3,0,0,0,56,35,6,0,33,0,0,0,138,130,8,,,,,,,,,,,,,,,,,,
117,PN Store,Power Creatine 300гр,6,0,302,0,3,1,0,36,79,29,19,0,202,0,0,0,342,329,13,,,,,,,,,,,,,,,,,,
124,PN Store,Crush Bar - Toffee coconut 64g,-4,0,900,0,24,0,0,0,710,145,72,0,10,0,0,0,924,937,-13,,,,,,,,,,,,,,,,,,
125,PN Store,Protein cream 400g Chocolate hazelnut,-1,0,216,0,17,0,0,0,103,79,9,0,41,0,0,0,233,232,1,,,,,,,,,,,,,,,,,,
126,PN Store,Peanut butter 400g smooth Biotech,-2,0,30,0,1,0,0,0,1,28,0,0,2,0,0,0,31,31,0,,,,,,,,,,,,,,,,,,
144,PN Store,Power Whey - Chocolate 2250g,0,0,246,0,1,1,0,10,172,11,15,0,81,0,0,0,258,279,-21,,,,,,,,,,,,,,,,,,
145,PN Store,Peanut butter 400g crunchy Biotech,0,0,210,0,2,0,0,0,56,65,15,0,68,0,0,0,212,204,8,,,,,,,,,,,,,,,,,,
228,PN Store,Zero bar Chocolate 50g,0,0,1240,0,47,0,0,0,1243,184,60,0,36,0,0,0,1287,1523,-236,,,,,,,,,,,,,,,,,,
229,PN Store,Crush Bar - Cookiescream 64g,0,0,936,0,36,0,0,0,673,141,108,0,12,0,0,0,972,934,38,,,,,,,,,,,,,,,,,,
230,PN Store,Zero bar Hazelnut 50g,0,0,1420,0,93,0,0,0,940,188,80,0,39,0,0,0,1513,1247,266,,,,,,,,,,,,,,,,,,
231,PN Store,Crush Bar - Chocolate 64g,0,0,900,0,32,0,0,0,695,111,109,0,9,0,0,0,932,924,8,,,,,,,,,,,,,,,,,,
232,PN Store,ISO Whey 500g - Chocolate,0,0,147,0,0,0,0,0,78,56,0,0,12,0,0,0,147,146,1,,,,,,,,,,,,,,,,,,
233,PN Store,ISO Whey 500g - Pineapple mango,0,0,80,0,1,0,0,0,63,19,0,0,0,0,0,0,81,82,-1,,,,,,,,,,,,,,,,,,
234,PN Store,Protein bar 15*55g Caramel peanuts,0,0,1394,0,108,0,0,0,1007,196,106,0,137,0,0,0,1502,1446,56,,,,,,,,,,,,,,,,,,
235,PN Store,Protein bar 15*55g Cookies cream,0,0,1789,0,80,0,0,0,929,605,138,0,163,0,0,0,1869,1835,34,,,,,,,,,,,,,,,,,,
236,PN Store,Protein bar 15*55g Choco caramel,0,0,2370,0,63,0,0,0,1280,323,200,0,283,0,0,0,2433,2086,347,,,,,,,,,,,,,,,,,,
237,PN Store,ISO Whey 500g - Banana,0,0,232,0,0,0,0,0,143,43,11,0,33,0,0,0,232,230,2,,,,,,,,,,,,,,,,,,
262,PN Store,ISO Whey 500g - White chocolate,0,0,232,0,0,0,0,0,92,74,16,0,41,0,0,0,232,223,9,,,,,,,,,,,,,,,,,,
263,PN Store,Snack 12*45g Vanilla,0,0,84,0,23,0,0,0,73,30,0,0,0,0,0,0,107,103,4,,,,,,,,,,,,,,,,,,
264,PN Store,Protein cream 400g Duo white chocolate-chocolate,0,0,144,0,4,0,0,0,50,63,6,0,31,0,0,0,148,150,-2,,,,,,,,,,,,,,,,,,
265,PN Store,Protein snap,0,0,1290,0,137,13,0,0,387,441,222,0,341,0,0,0,1440,1391,49,,,,,,,,,,,,,,,,,,
266,PN Store,Protein chips 7*40g sour cream&onion,0,0,147,0,5,0,0,0,52,79,0,0,10,0,0,0,152,141,11,,,,,,,,,,,,,,,,,,
267,PN Store,ISO Whey 500g - Hazelnut,0,0,213,0,2,0,0,0,78,60,18,0,47,0,0,0,215,203,12,,,,,,,,,,,,,,,,,,
268,PN Store,Snack 12*45g Caramel,0,0,96,0,12,0,0,0,52,56,0,0,0,0,0,0,108,108,0,,,,,,,,,,,,,,,,,,
269,PN Store,Energy Gel 60g Peach,0,0,190,0,36,0,0,0,95,93,24,0,5,0,0,0,226,217,9,,,,,,,,,,,,,,,,,,
270,PN Store,Snack 12*45g Peach,0,0,96,0,31,0,0,0,78,61,0,0,0,0,0,0,127,139,-12,,,,,,,,,,,,,,,,,,
271,PN Store,Protein chips 7*40g Barbeque,0,0,147,0,2,0,0,0,51,53,0,0,19,0,0,0,149,123,26,,,,,,,,,,,,,,,,,,
272,PN Store,ISO Whey sample - Chocolate 25g,0,0,150,0,16,0,0,0,55,28,65,0,18,0,0,0,166,166,0,,,,,,,,,,,,,,,,,,
273,PN Store,Snack 12*45g BlueBerry,0,0,95,0,12,0,0,0,46,50,12,0,0,0,0,0,107,108,-1,,,,,,,,,,,,,,,,,,
274,PN Store,Protein wafer,0,0,696,0,22,0,0,0,162,318,83,0,149,0,0,0,718,712,6,,,,,,,,,,,,,,,,,,
275,PN Store,Snack 12*45g Chocolate,0,0,96,0,22,0,0,0,67,38,12,0,0,0,0,0,118,117,1,,,,,,,,,,,,,,,,,,
276,PN Store,Snack 12*45g Double Chocolate,0,0,96,0,0,0,0,0,36,46,0,0,0,0,0,0,96,82,14,,,,,,,,,,,,,,,,,,
277,PN Store,Nitrox sample - Blue grape 17g,0,0,200,0,41,0,0,0,151,97,0,0,1,0,0,0,241,249,-8,,,,,,,,,,,,,,,,,,
289,PN Store,ISO Whey 500g - Cookies,0,0,83,0,1,0,0,0,60,16,2,0,3,0,0,0,84,81,3,,,,,,,,,,,,,,,,,,
292,PN Store,Jack's WPC 1000g,0,0,22,0,2,2,0,152,38,0,24,0,59,0,56,0,178,177,1,,,,,,,,,,,,,,,,,,
293,PN Store,Jack's shaker,0,0,0,0,0,0,0,153,78,0,0,0,71,0,0,0,153,149,4,,,,,,,,,,,,,,,,,,
294,PN Store,ISO Whey sample - Strawberry 25g,0,0,250,0,0,0,0,0,42,116,61,0,37,0,0,0,250,256,-6,,,,,,,,,,,,,,,,,,
295,PN Store,ISO Whey sample - Hazelnut 25g,0,0,200,0,0,0,0,0,0,74,51,0,83,0,0,0,200,208,-8,,,,,,,,,,,,,,,,,,
296,PN Store,ISO Whey sample - Bananas 25g,0,0,200,0,46,1,0,0,49,119,0,0,75,0,0,0,247,243,4,,,,,,,,,,,,,,,,,,
297,PN Store,ISO Whey sample - Pineapple 25g,0,0,100,0,23,0,0,0,44,77,0,0,0,0,0,0,123,121,2,,,,,,,,,,,,,,,,,,
298,PN Store,ISO Whey 500g - Tiramisu,0,0,91,0,0,0,0,0,68,21,1,0,5,0,0,0,91,95,-4,,,,,,,,,,,,,,,,,,
301,PN Store,ISO Whey 500g - Coconut,0,0,131,0,1,0,0,0,50,58,11,0,11,0,0,0,132,130,2,,,,,,,,,,,,,,,,,,
302,PN Store,ISO Whey 500g - Raspberry,0,0,191,0,0,0,0,0,95,23,20,0,45,0,0,0,191,183,8,,,,,,,,,,,,,,,,,,
305,PN Store,Nitrox sample - Tropical 17g,0,0,254,0,14,0,0,0,34,209,50,0,15,0,0,0,268,308,-40,,,,,,,,,,,,,,,,,,
306,PN Store,Nitrox sample - Cranberry 17g,0,0,336,0,0,0,0,0,18,162,100,0,13,0,0,0,336,293,43,,,,,,,,,,,,,,,,,,
307,PN Store,Nitrox sample - Peach 17g,0,0,64,0,0,0,0,0,0,0,50,0,0,0,0,0,64,50,14,,,,,,,,,,,,,,,,,,
356,PN Store,Power casein - Chocolate 900g,0,0,137,0,1,0,0,0,9,82,7,0,39,0,0,0,138,137,1,,,,,,,,,,,,,,,,,,
357,PN Store,Oatmeal 1kg chocolate,0,0,130,0,7,0,0,0,15,65,22,0,27,0,0,0,137,129,8,,,,,,,,,,,,,,,,,,
358,PN Store,L-Carnitine 100.000 - Apple 500ml,1,1,210,0,4,0,0,0,43,120,25,0,23,0,0,0,214,211,4,,,,,,,,,,,,,,,,,,
359,PN Store,Zero bar caramel 50гр,0,0,240,0,0,0,0,0,139,30,20,0,37,0,0,0,240,226,14,,,,,,,,,,,,,,,,,,
360,PN Store,ISO Whey 500g - Vanilla,0,0,130,0,1,0,0,0,41,45,11,0,35,0,0,0,131,132,-1,,,,,,,,,,,,,,,,,,
361,PN Store,Cheese soup 30g,0,0,50,0,0,0,0,0,10,10,12,0,17,0,0,0,50,49,1,,,,,,,,,,,,,,,,,,
362,PN Store,Zero bar Banana 50g,0,0,340,0,0,0,0,0,94,140,60,0,47,0,0,0,340,341,-1,,,,,,,,,,,,,,,,,,
363,PN Store,Tomato soup 30g,0,0,50,0,0,0,0,0,5,19,6,0,18,0,0,0,50,48,2,,,,,,,,,,,,,,,,,,
364,PN Store,Multivitamin  90ш,0,0,335,0,21,1,0,0,66,89,12,0,166,0,0,0,357,333,24,,,,,,,,,,,,,,,,,,
365,PN Store,L-Carnitine powder 300g,0,0,1275,0,60,7,0,0,314,82,115,0,808,0,0,0,1342,1319,23,,,,,,,,,,,,,,,,,,
366,PN Store,Omega 3 /90ш/,2,0,520,0,21,1,0,0,59,167,29,1,257,0,0,0,542,513,29,,,,,,,,,,,,,,,,,,
367,PN Store,ISO Whey 500g - Strawberry,0,0,130,0,0,0,0,0,45,38,10,0,38,0,0,0,130,131,-1,,,,,,,,,,,,,,,,,,
368,PN Store,ISO Whey sample - tiramisu 25g,0,0,50,0,0,0,0,0,3,28,0,0,8,0,0,0,50,39,11,,,,,,,,,,,,,,,,,,
369,PN Store,Hyper mass sample 65g chocolate,0,0,40,0,0,1,0,0,0,9,5,0,22,0,0,0,41,36,5,,,,,,,,,,,,,,,,,,
386,PN Store,ISO Whey sample - coconut 25g,0,0,100,0,0,0,0,0,0,81,5,0,9,0,0,0,100,95,5,,,,,,,,,,,,,,,,,,
387,PN Store,ISO Whey sample - Vanilla 25g,0,0,150,0,0,0,0,0,0,87,11,0,46,0,0,0,150,144,6,,,,,,,,,,,,,,,,,,
388,PN Store,ISO Whey sample - White chocolate 25g,0,0,150,0,0,0,0,0,0,100,1,0,43,0,0,0,150,144,6,,,,,,,,,,,,,,,,,,
389,PN Store,Energy Gel 60g Professional Lemon,0,0,120,0,0,0,0,0,0,117,0,0,4,0,0,0,120,121,-1,,,,,,,,,,,,,,,,,,
392,PN Store,Amino Liquid currant 1л шилтэй,2,0,18,0,0,1,0,27,1,1,12,0,21,0,8,0,46,43,3,,,,,,,,,,,,,,,,,,
393,PN Store,Whey protein Powder 2270гр 3 төрөл,0,0,35,0,0,1,0,30,1,0,16,0,32,0,17,0,66,66,0,,,,,,,,,,,,,,,,,,
394,PN Store,Protein bar crisp,0,0,50,0,0,0,0,0,5,0,0,0,0,0,45,0,50,50,0,,,,,,,,,,,,,,,,,,
395,PN Store,Raw intensity Fruit funch 400g,0,0,6,0,0,0,0,0,1,0,0,0,5,0,0,0,6,6,0,,,,,,,,,,,,,,,,,,
396,PN Store,Mineral Plex 1000мл шилтэй,2,0,25,0,0,0,0,36,7,0,9,0,43,0,0,0,61,59,2,,,,,,,,,,,,,,,,,,
398,PN Store,Bedford 2,0,0,10,0,0,0,0,0,0,3,5,0,4,0,0,0,10,12,-2,,,,,,,,,,,,,,,,,,
399,PN Store,Bedford 7,0,0,7,0,0,0,0,0,0,1,0,0,1,0,0,0,7,2,5,,,,,,,,,,,,,,,,,,
400,PN Store,Bedford 8,0,0,7,0,0,0,0,0,0,1,0,0,5,0,0,0,7,6,1,,,,,,,,,,,,,,,,,,
402,PN Store,Bedford 5,0,0,10,0,0,0,0,0,0,0,1,0,10,0,0,0,10,11,-1,,,,,,,,,,,,,,,,,,
408,PN Store,Хөргөгч Amino vibe босоо шилэн нүүртэй,2,1,0,0,0,0,0,0,0,0,0,0,0,0,0,0,0,0,1,,,,,,,,,,,,,,,,,,
409,PN Store,Хөргөгч Amino vibe дугуй,1,0,0,0,0,0,0,0,0,0,0,0,0,0,0,0,0,0,0,,,,,,,,,,,,,,,,,,
473,PN Store,Protein bar cookie crunch,0,0,0,0,0,0,0,288,0,47,18,0,148,0,71,0,288,284,4,,,,,,,,,,,,,,,,,,
478,PN Store,Jack's prework out,1,0,0,0,2,0,0,42,2,1,0,0,39,0,1,0,44,43,1,,,,,,,,,,,,,,,,,,
479,PN Store,Jack's amino 300g,-1,0,0,0,0,0,0,34,0,1,0,0,34,0,0,0,34,35,-1,,,,,,,,,,,,,,,,,,
485,PN Store,Jack's BCAA 300g,0,0,6,0,0,0,0,24,0,0,6,0,19,0,5,0,30,30,0,,,,,,,,,,,,,,,,,,
486,PN Store,Protein bar oatcake,0,0,0,0,0,0,0,0,0,0,0,0,1,0,0,0,0,1,-1,,,,,,,,,,,,,,,,,,
488,PN Store,ISO Whey sample - Raspberry 25g,0,0,50,0,0,0,0,0,0,50,0,0,0,0,0,0,50,50,0,,,,,,,,,,,,,,,,,,
489,PN Store,Power Mass,5,0,119,46,2,0,0,0,0,10,20,0,124,0,0,0,167,154,13,,,,,,,,,,,,,,,,,,
491,PN Store,ISO Whey 500гр,9,0,725,90,10,2,0,0,0,318,70,1,422,0,0,0,827,811,16,,,,,,,,,,,,,,,,,,
494,PN Store,Hyper Mass 1000гр,1,0,179,48,0,2,0,0,0,67,42,1,117,1,0,0,229,228,1,,,,,,,,,,,,,,,,,,
496,PN Store,Crush Bar,0,0,595,139,13,10,0,0,160,62,170,0,339,0,0,0,757,731,26,,,,,,,,,,,,,,,,,,
497,PN Store,Peanut butter 400гр,0,0,60,55,7,4,0,0,6,36,13,0,72,0,0,0,126,127,-1,,,,,,,,,,,,,,,,,,
498,PN Store,Energy Gel ,0,0,0,16,0,0,0,0,0,23,0,0,1,0,0,0,16,24,-8,,,,,,,,,,,,,,,,,,
499,PN Store,Protein bar nanosupps,3,0,1725,355,20,5,0,0,45,617,709,0,940,0,0,0,2105,2311,-206,,,,,,,,,,,,,,,,,,
500,PN Store,L-Carnitine 100.000,3,0,63,256,40,4,0,0,19,33,145,0,148,0,0,0,363,345,18,,,,,,,,,,,,,,,,,,
501,PN Store,Protein cream 400гр,1,0,640,155,28,7,0,0,53,201,107,2,461,0,0,0,830,824,6,,,,,,,,,,,,,,,,,,
502,PN Store,Collagen vibe 330мл,0,0,4656,238,189,48,0,0,356,1626,1044,0,1820,0,0,0,5131,4846,285,,,,,,,,,,,,,,,,,,
503,PN Store,ISO Whey sample,0,0,572,404,0,0,0,0,0,116,49,0,708,0,0,0,976,873,103,,,,,,,,,,,,,,,,,,
504,PN Store,Energy Gel Professional,0,0,0,155,24,0,0,0,24,146,0,0,4,0,0,0,179,174,5,,,,,,,,,,,,,,,,,,
505,PN Store,Oatmeal 1000гр,0,0,20,82,33,0,0,0,5,57,36,0,39,0,0,0,135,137,-2,,,,,,,,,,,,,,,,,,
506,PN Store,Zero bar,2,0,840,210,80,0,0,0,260,205,155,0,500,0,0,0,1130,1120,10,,,,,,,,,,,,,,,,,,
507,PN Store,Amino vibe 330мл,0,0,0,125,0,0,0,0,0,0,0,0,0,0,0,0,125,0,125,,,,,,,,,,,,,,,,,,
514,PN Store,Power BCAA,0,0,252,46,0,1,0,0,0,55,26,0,207,0,0,0,299,288,11,,,,,,,,,,,,,,,,,,
515,PN Store,Power Casein,1,0,396,76,4,5,0,0,0,47,107,1,317,0,0,0,481,472,9,,,,,,,,,,,,,,,,,,
516,PN Store,EAA Zero 350гр,0,0,90,40,7,1,0,0,0,39,19,0,78,0,0,0,138,136,2,,,,,,,,,,,,,,,,,,
517,PN Store,Hyper mass sample,0,0,240,38,0,0,0,0,0,39,42,0,195,0,0,0,278,276,2,,,,,,,,,,,,,,,,,,
518,PN Store,Ice cream powder 500гр,0,0,0,5,0,0,0,0,0,1,0,0,3,0,0,0,5,4,1,,,,,,,,,,,,,,,,,,
519,PN Store,Nitrox 680гр,1,0,214,19,3,3,0,0,0,47,49,0,137,0,0,0,239,233,6,,,,,,,,,,,,,,,,,,
520,PN Store,Nitrox sample,0,0,315,116,20,2,0,0,20,100,92,1,211,0,0,0,453,424,29,,,,,,,,,,,,,,,,,,
562,PN Store,Power Whey 2250гр,16,0,526,0,0,7,0,2,0,41,34,0,426,0,0,0,535,501,34,,,,,,,,,,,,,,,,,,
570,PN Store,Хүргэлтийн төлбөр,4076,0,0,5000,0,16,0,0,0,0,0,0,941,1,0,0,5016,942,4074,,,,,,,,,,,,,,,,,,
586,PN Store,After 420g,-3,0,30,0,0,2,0,0,1,6,0,0,28,0,0,0,32,35,-3,,,,,,,,,,,,,,,,,,
587,PN Store,Black Blood NOX+ 340g,0,0,20,0,0,0,0,0,1,5,8,0,6,0,0,0,20,20,0,,,,,,,,,,,,,,,,,,
588,PN Store,Pump caffeine free sample,0,0,50,0,0,0,0,0,5,36,0,0,10,0,0,0,50,51,-1,,,,,,,,,,,,,,,,,,
589,PN Store,Black blood NOX+ 20g,0,0,295,0,0,0,0,0,7,79,131,0,94,0,0,0,295,311,-16,,,,,,,,,,,,,,,,,,
590,PN Store,Black Test 90 caps,0,0,38,0,0,0,0,0,0,2,5,0,31,0,0,0,38,38,0,,,,,,,,,,,,,,,,,,
591,PN Store,"Hair, Skin & Nails 54 caps",0,0,26,0,0,0,0,0,0,5,5,0,16,0,0,0,26,26,0,,,,,,,,,,,,,,,,,,
592,PN Store,FAT-X 60 tbl,0,0,17,0,0,1,0,0,0,3,5,0,10,0,0,0,18,18,0,,,,,,,,,,,,,,,,,,
593,PN Store,Mission 210g,0,0,18,0,0,0,0,0,0,4,10,0,4,0,0,0,18,18,0,,,,,,,,,,,,,,,,,,
606,PN Store,Jack's book,0,0,0,0,0,0,0,25,0,0,3,0,9,0,13,0,25,25,0,,,,,,,,,,,,,,,,,,
623,PN Store,ISO Whey 2270g Black,0,0,6,0,0,0,0,0,0,6,0,0,0,0,0,0,6,6,0,,,,,,,,,,,,,,,,,,
639,PN Store,BCAA Powder 420гр,1,0,0,0,0,0,0,18,0,0,5,0,12,0,0,0,18,17,1,,,,,,,,,,,,,,,,,,
650,PN Store,Test-x 150ш,1,0,0,0,0,0,0,24,0,0,21,0,2,0,0,0,24,23,1,,,,,,,,,,,,,,,,,,
651,PN Store,Mass gain 2000g,0,0,0,0,0,0,0,10,0,0,4,0,1,0,0,0,10,5,5,,,,,,,,,,,,,,,,,,
652,PN Store,Ultimate mass chocolate 2270g,0,0,0,0,0,0,0,0,0,0,0,0,5,0,0,0,0,5,-5,,,,,,,,,,,,,,,,,,
661,PN Store,Raw intensity Blackberry 400g,0,0,3,0,0,0,0,0,0,0,2,0,1,0,0,0,3,3,0,,,,,,,,,,,,,,,,,,
663,PN Store,Pump caffeine free 330g,-3,0,0,0,0,0,0,0,0,2,0,0,1,0,0,0,0,3,-3,,,,,,,,,,,,,,,,,,
668,PN Store,Anuxai Shaker 500ml+150,-300,0,0,0,0,0,0,0,0,0,300,0,0,0,0,0,0,300,-300,,,,,,,,,,,,,,,,,,
705,PN Store,Power Amino - Blackcurrant 500g,104,104,0,0,0,0,0,0,0,0,0,0,0,0,0,0,0,0,104,,,,,,,,,,,,,,,,,,
706,PN Store,Power professional 1х*6ш*500гр,35,35,0,0,0,0,0,0,0,0,0,0,0,0,0,0,0,0,35,,,,,,,,,,,,,,,,,,
707,PN Store,Фитнесс бүс /Хар/ XXL,1,1,0,0,0,0,0,0,0,0,0,0,0,0,0,0,0,0,1,,,,,,,,,,,,,,,,,,
708,PN Store,Таталтын ремен,0,0,0,0,0,0,0,0,0,0,0,0,0,0,0,0,0,0,0,,,,,,,,,,,,,,,,,,
709,PN Store,Power бүс,16,16,0,0,0,0,0,0,0,0,0,0,0,0,0,0,0,0,16,,,,,,,,,,,,,,,,,,
710,PN Store,Шуу төхөөрөмж,2,2,0,0,0,0,0,0,0,0,0,0,0,0,0,0,0,0,2,,,,,,,,,,,,,,,,,,
711,PN Store,Суга суниалт,2,2,0,0,0,0,0,0,0,0,0,0,0,0,0,0,0,0,2,,,,,,,,,,,,,,,,,,
712,PN Store,Түгжээ,5,5,0,0,0,0,0,0,0,0,0,0,0,0,0,0,0,0,5,,,,,,,,,,,,,,,,,,
713,PN Store,Хүзүү төхөөрөмж,1,1,0,0,0,0,0,0,0,0,0,0,0,0,0,0,0,0,1,,,,,,,,,,,,,,,,,,
714,PN Store,Gift card /100'000₮/,0,0,0,0,0,0,0,0,0,0,0,0,0,0,0,0,0,0,0,,,,,,,,,,,,,,,,,,
715,PN Store,Gift card /50'000₮/,0,0,0,0,0,0,0,0,0,0,0,0,0,0,0,0,0,0,0,,,,,,,,,,,,,,,,,,
716,PN Store,L-carnitine ampul 25ml lemon,132,132,0,0,0,0,0,0,0,0,0,0,0,0,0,0,0,0,132,,,,,,,,,,,,,,,,,,
717,PN Store,Oatmeal 1kg apple,3,3,0,0,0,0,0,0,0,0,0,0,0,0,0,0,0,0,3,,,,,,,,,,,,,,,,,,
718,PN Store,Pro tan DIY,41,41,0,0,0,0,0,0,0,0,0,0,0,0,0,0,0,0,41,,,,,,,,,,,,,,,,,,
719,PN Store,Ундаа Collagen vibe 330ml Mohito,857,857,0,0,0,0,0,0,0,0,0,0,0,0,0,0,0,0,857,,,,,,,,,,,,,,,,,,
720,PN Store,Peanut Butter 400gr smooth Nano sups,21,21,0,0,0,0,0,0,0,0,0,0,0,0,0,0,0,0,21,,,,,,,,,,,,,,,,,,
721,PN Store,Power Anuxai cell burner 450g,0,0,0,0,0,0,0,0,0,0,0,0,0,0,0,0,0,0,0,,,,,,,,,,,,,,,,,,
722,PN Store,Shaker Anuxai 500ml+150mg,0,0,0,0,0,0,0,0,0,0,0,0,0,0,0,0,0,0,0,,,,,,,,,,,,,,,,,,
44,Агуулах,Ундаа Amino 330ml Waikiki,-816,36505,0,0,0,0,0,0,22140,3259,9981,0,0,0,0,0,0,35380,1125,,,,,,,,,,,,,,,,,,
45,Агуулах,Ундаа Amino 330ml Lemon soda,-96,10540,0,0,3,0,0,0,1872,376,7252,3,0,0,0,0,3,9503,1040,,,,,,,,,,,,,,,,,,
46,Агуулах,Ундаа Amino 330ml Super pear,-264,15471,0,0,0,0,0,0,3480,3907,7935,0,0,0,0,0,0,15322,149,,,,,,,,,,,,,,,,,,
66,Агуулах,Power Mass - Chocolate 5kg,4,72,3,0,0,0,99,0,9,5,156,0,0,0,0,0,102,170,4,,,,,,,,,,,,,,,,,,
67,Агуулах,Power Amino,-390,0,10,0,5,0,150,0,28,0,526,0,0,0,0,0,165,554,-389,,,,,,,,,,,,,,,,,,
68,Агуулах,Power Mass - Vanilla 5kg,-5,88,0,0,0,0,0,0,0,0,92,0,0,0,0,0,0,92,-4,,,,,,,,,,,,,,,,,,
69,Агуулах,Power BCAA - Watermelon 420g,0,29,1,0,0,0,203,0,8,58,167,0,0,0,0,0,204,233,0,,,,,,,,,,,,,,,,,,
70,Агуулах,Power professional,-228,0,0,0,0,0,0,0,0,0,228,0,0,0,0,0,0,228,-228,,,,,,,,,,,,,,,,,,
71,Агуулах,Power BCAA - Green apple 1х*6ш*420гр,-1,39,0,0,0,0,0,0,0,0,39,0,0,0,0,0,0,39,0,,,,,,,,,,,,,,,,,,
72,Агуулах,Power BCAA - Cola 1х*6ш*420гр,0,7,0,0,0,0,0,0,0,0,7,0,0,0,0,0,0,7,0,,,,,,,,,,,,,,,,,,
88,Агуулах,Other All stars,0,0,0,0,0,0,41,0,41,0,0,0,0,0,0,0,41,41,0,,,,,,,,,,,,,,,,,,
89,Агуулах,BCAA Powder 420гр,0,0,90,0,0,0,592,48,604,0,126,0,0,0,0,0,730,730,0,,,,,,,,,,,,,,,,,,
90,Агуулах,Protein bar crisp,0,0,0,0,0,0,525,173,525,0,173,0,0,0,0,0,698,698,0,,,,,,,,,,,,,,,,,,
91,Агуулах,Whey protein Powder 908гр 2 төрөл,0,0,0,0,0,0,102,7,102,0,7,0,0,0,0,0,109,109,0,,,,,,,,,,,,,,,,,,
92,Агуулах,Protein bar mixed,0,0,0,0,0,0,480,0,480,0,0,0,0,0,0,0,480,480,0,,,,,,,,,,,,,,,,,,
93,Агуулах,Raw intensity Blackberry 400g,0,0,0,0,0,0,66,0,66,0,0,0,0,0,0,0,66,66,0,,,,,,,,,,,,,,,,,,
94,Агуулах,Ultimate mass chocolate 2270g,0,0,0,0,0,0,83,3,83,0,3,0,0,0,0,0,86,86,0,,,,,,,,,,,,,,,,,,
95,Агуулах,Amino Liquid currant 1л шилтэй,0,0,0,0,0,0,826,81,826,0,81,0,0,0,0,0,907,907,0,,,,,,,,,,,,,,,,,,
96,Агуулах,Jack's shaker,0,0,0,0,0,0,544,0,544,0,0,0,0,0,0,0,544,544,0,,,,,,,,,,,,,,,,,,
102,Агуулах,Jack's amino 300g,0,0,0,0,0,0,1099,0,1099,0,0,0,0,0,0,0,1099,1099,0,,,,,,,,,,,,,,,,,,
103,Агуулах,Jack's BCAA 300g,0,0,0,0,0,0,825,0,825,0,0,0,0,0,0,0,825,825,0,,,,,,,,,,,,,,,,,,
104,Агуулах,Jack's prework out,0,0,0,0,0,0,700,0,708,0,0,0,0,0,0,0,700,708,-8,,,,,,,,,,,,,,,,,,
105,Агуулах,Fitness cream 200ml,0,0,0,0,0,0,1224,0,1222,0,2,0,0,0,0,0,1224,1224,0,,,,,,,,,,,,,,,,,,
106,Агуулах,Jack's WPC 1000g,400,0,0,0,0,0,1390,0,990,0,0,0,0,0,0,0,1390,990,400,,,,,,,,,,,,,,,,,,
109,Агуулах,Ундаа Amino 330ml Raspberry,-592,15674,0,0,15,0,0,0,4044,2308,9111,15,0,0,0,0,15,15478,211,,,,,,,,,,,,,,,,,,
110,Агуулах,Hyper Mass - Chocolate 1kg,0,20,0,0,0,0,150,0,8,17,145,0,0,0,0,0,150,170,0,,,,,,,,,,,,,,,,,,
112,Агуулах,Ундаа Amino 330ml Passion fruit,389,26136,0,0,90,0,0,0,7920,5687,11057,0,0,0,0,0,90,24664,1562,,,,,,,,,,,,,,,,,,
113,Агуулах,Hyper Mass - Caramel cappuchino 1kg,0,30,0,0,0,0,0,0,0,0,30,0,0,0,0,0,0,30,0,,,,,,,,,,,,,,,,,,
114,Агуулах,Hyper Mass - Vanilla 1kg,0,80,0,0,0,0,130,0,39,20,151,0,0,0,0,0,130,210,0,,,,,,,,,,,,,,,,,,
120,Агуулах,Shaker 600ml,0,288,32,0,0,0,384,0,51,0,652,0,0,0,0,0,416,703,1,,,,,,,,,,,,,,,,,,
130,Агуулах,Ундаа Collagen vibe 330ml Pineapple coconut,0,11564,0,0,0,0,16632,0,3892,17213,7077,0,0,0,0,0,16632,28182,14,,,,,,,,,,,,,,,,,,
131,Агуулах,Ундаа Collagen vibe 330ml Mojito,-7316,0,120,0,0,0,14256,0,7624,8583,5494,0,0,0,0,0,14376,21701,-7325,,,,,,,,,,,,,,,,,,
132,Агуулах,Ундаа Amino 330ml Watermelon,11,23,0,0,0,0,0,0,0,1,0,0,0,0,0,0,0,1,22,,,,,,,,,,,,,,,,,,
134,Агуулах,Protein bar cookie crunch,0,0,36,0,0,0,1836,414,1872,0,414,0,0,0,0,0,2286,2286,0,,,,,,,,,,,,,,,,,,
135,Агуулах,Whey protein Powder 2270гр 3 төрөл,0,0,0,0,0,0,690,94,690,0,94,0,0,0,0,0,784,784,0,,,,,,,,,,,,,,,,,,
136,Агуулах,Mineral Plex 1000мл шилтэй,528,28,584,0,0,0,1197,120,1269,0,132,0,0,0,0,0,1901,1401,528,,,,,,,,,,,,,,,,,,
137,Агуулах,Protein bar oatcake,0,0,72,0,0,0,1224,524,1296,0,524,0,0,0,0,0,1820,1820,0,,,,,,,,,,,,,,,,,,
148,Агуулах,Ундаа Collagen vibe 330ml Passion fruit,0,8640,0,0,0,0,19008,0,8464,14365,5760,0,0,0,0,0,19008,28589,-941,,,,,,,,,,,,,,,,,,
149,Агуулах,Creatine Beta Alanine 420g,0,0,52,0,0,0,120,0,172,0,0,0,0,0,0,0,172,172,0,,,,,,,,,,,,,,,,,,
150,Агуулах,Shaker ALL STARS,0,0,0,0,0,0,74,0,74,0,0,0,0,0,0,0,74,74,0,,,,,,,,,,,,,,,,,,
151,Агуулах,Raw booster shot 60ml,0,0,0,0,0,0,242,0,242,0,0,0,0,0,0,0,242,242,0,,,,,,,,,,,,,,,,,,
152,Агуулах,Lipodex 120ш,0,0,0,0,0,0,86,6,86,0,6,0,0,0,0,0,92,92,0,,,,,,,,,,,,,,,,,,
153,Агуулах,Zero bar Hazelnut 50g,0,0,0,0,0,0,1420,0,60,100,1500,0,0,0,0,0,1420,1660,-240,,,,,,,,,,,,,,,,,,
154,Агуулах,EAA Zero 350g blue grape,0,0,5,0,0,0,180,0,15,0,170,0,0,0,0,0,185,185,0,,,,,,,,,,,,,,,,,,
155,Агуулах,Energy gel 60g Orange,0,0,0,0,0,0,96,0,0,0,96,0,0,0,0,0,96,96,0,,,,,,,,,,,,,,,,,,
156,Агуулах,ISO Whey 500g - Hazelnut,0,0,0,0,0,0,220,0,7,0,213,0,0,0,0,0,220,220,0,,,,,,,,,,,,,,,,,,
157,Агуулах,L-Carnitine drink 500ml Apple peach,0,0,0,0,0,0,240,0,24,0,216,0,0,0,0,0,240,240,0,,,,,,,,,,,,,,,,,,
158,Агуулах,ISO Whey sample - Chocolate 25g,0,0,0,0,0,0,450,0,20,80,350,0,0,0,0,0,450,450,0,,,,,,,,,,,,,,,,,,
159,Агуулах,ISO Whey 500g - Cookies,0,0,0,0,0,0,110,0,1,1,108,0,0,0,0,0,110,110,0,,,,,,,,,,,,,,,,,,
160,Агуулах,Nitrox sample - Tropical 17g,0,0,0,0,0,0,442,0,0,1,404,0,0,0,0,0,442,405,37,,,,,,,,,,,,,,,,,,
161,Агуулах,Ice cream 500g chocolate,0,0,0,0,0,0,30,0,0,0,30,0,0,0,0,0,30,30,0,,,,,,,,,,,,,,,,,,
162,Агуулах,EAA Zero 350g Lemon,0,0,0,0,0,0,160,0,0,0,160,0,0,0,0,0,160,160,0,,,,,,,,,,,,,,,,,,
163,Агуулах,ISO Whey 500g - White chocolate,0,0,0,0,0,0,240,0,8,0,232,0,0,0,0,0,240,240,0,,,,,,,,,,,,,,,,,,
164,Агуулах,ISO Whey sample - Vanilla 25g,0,0,1,0,0,0,450,0,1,100,350,0,0,0,0,0,451,451,0,,,,,,,,,,,,,,,,,,
165,Агуулах,Hyper mass sample 65g chocolate,0,0,0,0,0,0,760,0,0,160,560,0,0,0,0,0,760,720,40,,,,,,,,,,,,,,,,,,
166,Агуулах,Peanut butter 400g crunchy Biotech,0,0,1,0,0,0,240,0,1,0,240,0,0,0,0,0,241,241,0,,,,,,,,,,,,,,,,,,
167,Агуулах,ISO Whey sample - tiramisu 25g,0,0,0,0,0,0,250,0,0,0,250,0,0,0,0,0,250,250,0,,,,,,,,,,,,,,,,,,
168,Агуулах,ISO Whey sample - White chocolate 25g,0,0,1,0,0,0,450,0,1,200,250,0,0,0,0,0,451,451,0,,,,,,,,,,,,,,,,,,
169,Агуулах,Crush Bar - Toffee coconut 64g,0,0,0,0,0,0,1368,0,60,120,1176,0,0,0,0,0,1368,1356,12,,,,,,,,,,,,,,,,,,
170,Агуулах,Ice cream 500g strawberry,0,0,0,0,0,0,30,0,0,0,30,0,0,0,0,0,30,30,0,,,,,,,,,,,,,,,,,,
171,Агуулах,ISO Whey sample - Pineapple 25g,0,0,0,0,0,0,250,0,0,50,200,0,0,0,0,0,250,250,0,,,,,,,,,,,,,,,,,,
172,Агуулах,Zero bar Chocolate 50g,0,0,0,0,0,0,1800,0,100,60,1400,0,0,0,0,0,1800,1560,240,,,,,,,,,,,,,,,,,,
173,Агуулах,ISO Whey 500g - Pineapple mango,0,0,0,0,0,0,100,0,0,0,100,0,0,0,0,0,100,100,0,,,,,,,,,,,,,,,,,,
174,Агуулах,Nitrox - Blue grape 680g,0,0,0,0,0,0,120,0,6,0,113,0,0,0,0,0,120,119,1,,,,,,,,,,,,,,,,,,
175,Агуулах,ISO Whey 500g - Chocolate,0,0,0,0,0,0,210,0,43,2,165,0,0,0,0,0,210,210,0,,,,,,,,,,,,,,,,,,
176,Агуулах,Hyper mass sample 65g vanilla,0,0,0,0,0,0,730,0,0,120,570,0,0,0,0,0,730,690,40,,,,,,,,,,,,,,,,,,
177,Агуулах,ISO Whey 500g - Tiramisu,0,0,0,0,0,0,100,0,0,0,100,0,0,0,0,0,100,100,0,,,,,,,,,,,,,,,,,,
178,Агуулах,ISO Whey 500g - Banana,0,0,0,0,0,0,310,0,19,31,260,0,0,0,0,0,310,310,0,,,,,,,,,,,,,,,,,,
179,Агуулах,ISO Whey sample - Bananas 25g,0,0,0,0,0,0,450,0,0,50,350,0,0,0,0,0,450,400,50,,,,,,,,,,,,,,,,,,
180,Агуулах,ISO Whey 500g - Raspberry,0,0,0,0,0,0,220,0,12,0,208,0,0,0,0,0,220,220,0,,,,,,,,,,,,,,,,,,
181,Агуулах,ISO Whey sample - coconut 25g,0,0,0,0,0,0,250,0,0,50,200,0,0,0,0,0,250,250,0,,,,,,,,,,,,,,,,,,
182,Агуулах,Nitrox sample - Cranberry 17g,0,0,0,0,0,0,550,0,0,0,521,0,0,0,0,0,550,521,29,,,,,,,,,,,,,,,,,,
183,Агуулах,L-Carnitine 100.000 - Cherry 500ml,0,0,0,0,0,0,252,0,18,0,234,0,0,0,0,0,252,252,0,,,,,,,,,,,,,,,,,,
184,Агуулах,Energy Gel 60g Peach,0,0,0,0,0,0,190,0,0,0,190,0,0,0,0,0,190,190,0,,,,,,,,,,,,,,,,,,
185,Агуулах,Nitrox - Cranberry 680гр,0,0,0,0,0,0,126,0,12,0,112,0,0,0,0,0,126,124,2,,,,,,,,,,,,,,,,,,
186,Агуулах,ISO Whey sample - Strawberry 25g,0,0,1,0,0,0,450,0,1,50,400,0,0,0,0,0,451,451,0,,,,,,,,,,,,,,,,,,
187,Агуулах,ISO Whey sample - Cookies 25g,0,0,0,0,0,0,250,0,0,0,250,0,0,0,0,0,250,250,0,,,,,,,,,,,,,,,,,,
188,Агуулах,Crush Bar - Cookiescream 64g,0,0,12,0,0,0,1344,0,60,108,1212,0,0,0,0,0,1356,1380,-24,,,,,,,,,,,,,,,,,,
189,Агуулах,Crush Bar - Chocolate 64g,0,0,13,0,0,0,1344,0,61,108,1176,0,0,0,0,0,1357,1345,12,,,,,,,,,,,,,,,,,,
190,Агуулах,ISO Whey sample - Raspberry 25g,0,0,0,0,0,0,450,0,0,50,400,0,0,0,0,0,450,450,0,,,,,,,,,,,,,,,,,,
191,Агуулах,ISO Whey sample - Hazelnut 25g,0,0,1,0,0,0,450,0,1,150,300,0,0,0,0,0,451,451,0,,,,,,,,,,,,,,,,,,
192,Агуулах,Nitrox - Tropical 680гр,0,0,0,0,0,0,120,0,12,0,108,0,0,0,0,0,120,120,0,,,,,,,,,,,,,,,,,,
193,Агуулах,Magna shot 25ml,0,0,0,0,0,0,600,0,0,0,600,0,0,0,0,0,600,600,0,,,,,,,,,,,,,,,,,,
194,Агуулах,L-Carnitine shot,0,0,193,0,0,0,1380,0,213,0,1360,0,0,0,0,0,1573,1573,0,,,,,,,,,,,,,,,,,,
195,Агуулах,ISO Whey 500g - Coconut,0,0,0,0,0,0,160,0,2,18,140,0,0,0,0,0,160,160,0,,,,,,,,,,,,,,,,,,
196,Агуулах,MSM+ Vitamin C 150g,0,0,80,0,0,0,48,0,8,0,120,0,0,0,0,0,128,128,0,,,,,,,,,,,,,,,,,,
197,Агуулах,Nitrox sample - Peach 17g,0,0,0,0,0,0,350,0,0,0,314,0,0,0,0,0,350,314,36,,,,,,,,,,,,,,,,,,
198,Агуулах,Nitrox - Peach 680гр,0,0,0,0,0,0,108,0,6,0,105,0,0,0,0,0,108,111,-3,,,,,,,,,,,,,,,,,,
199,Агуулах,L-Carnitine drink 500ml- Strawberry kiwi,0,0,0,0,0,0,240,0,0,0,239,0,0,0,0,0,240,239,1,,,,,,,,,,,,,,,,,,
200,Агуулах,Nitrox sample - Blue grape 17g,0,0,0,0,0,0,539,0,20,30,490,0,0,0,0,0,539,540,-1,,,,,,,,,,,,,,,,,,
201,Агуулах,L-Glutamine 240гр,0,0,44,0,0,0,140,0,14,0,170,0,0,0,0,0,184,184,0,,,,,,,,,,,,,,,,,,
202,Агуулах,Snack 12*45g Caramel,0,0,0,0,0,0,120,0,0,0,120,0,0,0,0,0,120,120,0,,,,,,,,,,,,,,,,,,
203,Агуулах,Protein cream 400g Chocolate hazelnut,0,0,0,0,0,0,441,0,13,7,261,0,0,0,0,0,441,281,160,,,,,,,,,,,,,,,,,,
204,Агуулах,Protein bar 15*55g Choco caramel,0,0,0,0,0,0,3300,0,405,225,2655,0,0,0,0,0,3300,3285,15,,,,,,,,,,,,,,,,,,
205,Агуулах,Protein cream 400g Caramel,0,0,0,0,0,0,279,0,9,0,270,0,0,0,0,0,279,279,0,,,,,,,,,,,,,,,,,,
206,Агуулах,Snack 12*45g BlueBerry,0,0,0,0,0,0,120,0,0,1,119,0,0,0,0,0,120,120,0,,,,,,,,,,,,,,,,,,
207,Агуулах,Protein bar 15*55g Caramel peanuts,0,0,0,0,0,0,1800,0,225,1,1574,0,0,0,0,0,1800,1800,0,,,,,,,,,,,,,,,,,,
208,Агуулах,Protein snap,0,0,67,0,41,0,1800,0,218,0,1690,0,0,0,0,0,1908,1908,0,,,,,,,,,,,,,,,,,,
209,Агуулах,Protein cream 400g White chocolate Hazelnut,0,0,0,0,0,0,450,0,11,70,207,0,0,0,0,0,450,288,162,,,,,,,,,,,,,,,,,,
210,Агуулах,Snack 12*45g Chocolate,0,0,0,0,0,0,120,0,0,0,120,0,0,0,0,0,120,120,0,,,,,,,,,,,,,,,,,,
211,Агуулах,Snack 12*45g Double Chocolate,0,0,0,0,0,0,120,0,0,0,120,0,0,0,0,0,120,120,0,,,,,,,,,,,,,,,,,,
212,Агуулах,Protein chips 7*40g Barbeque,0,0,0,0,0,0,147,0,0,0,147,0,0,0,0,0,147,147,0,,,,,,,,,,,,,,,,,,
213,Агуулах,Protein bar 15*55g Cookies cream,0,0,0,0,0,0,3300,0,495,750,2055,0,0,0,0,0,3300,3300,0,,,,,,,,,,,,,,,,,,
214,Агуулах,Protein cream 400g peanut butter smooth,0,0,0,0,0,0,441,0,29,133,279,0,0,0,0,0,441,441,0,,,,,,,,,,,,,,,,,,
215,Агуулах,Protein chips 7*40g sour cream&onion,0,0,0,0,0,0,147,0,0,0,147,0,0,0,0,0,147,147,0,,,,,,,,,,,,,,,,,,
216,Агуулах,Protein wafer,0,0,19,0,2,0,1152,0,164,0,1009,0,0,0,0,0,1173,1173,0,,,,,,,,,,,,,,,,,,
217,Агуулах,Snack 12*45g Peach,0,0,0,0,0,0,120,0,0,0,120,0,0,0,0,0,120,120,0,,,,,,,,,,,,,,,,,,
218,Агуулах,Snack 12*45g Vanilla,0,0,0,0,0,0,120,0,0,0,108,0,0,0,0,0,120,108,12,,,,,,,,,,,,,,,,,,
219,Агуулах,Protein cream 400g Duo white chocolate-chocolate,0,0,0,0,0,0,99,0,9,63,189,0,0,0,0,0,99,261,-162,,,,,,,,,,,,,,,,,,
220,Агуулах,Club mate 500мл,0,0,20,0,940,0,19200,0,6839,1800,10680,0,0,0,0,0,20160,19319,841,,,,,,,,,,,,,,,,,,
221,Агуулах,Club mate 330мл,0,0,0,0,1068,0,10560,0,2605,52,6946,0,0,0,0,0,11628,9603,2025,,,,,,,,,,,,,,,,,,
303,Агуулах,Test-x 150ш,0,0,0,0,0,0,562,0,562,0,0,0,0,0,0,0,562,562,0,,,,,,,,,,,,,,,,,,
318,Агуулах,Club mate 330мл Cola,0,0,0,0,0,0,12,0,0,12,0,0,0,0,0,0,12,12,0,,,,,,,,,,,,,,,,,,
319,Агуулах,Club mate 500мл zero,0,0,0,0,0,0,24,0,0,24,0,0,0,0,0,0,24,24,0,,,,,,,,,,,,,,,,,,
323,Агуулах,Хөргөгч Amino vibe босоо шилэн нүүртэй,0,0,0,0,0,0,5,0,0,0,0,0,0,0,0,5,5,5,0,,,,,,,,,,,,,,,,,,
324,Агуулах,Хөргөгч Amino vibe дугуй,0,0,0,0,0,0,1,0,0,0,0,0,0,0,0,1,1,1,0,,,,,,,,,,,,,,,,,,
325,Агуулах,Peanut twist 30g,0,0,0,0,0,0,1,0,0,0,0,0,0,0,0,0,1,0,1,,,,,,,,,,,,,,,,,,
326,Агуулах,Cookies 128g,0,0,0,0,0,0,2,0,0,0,0,0,0,0,0,0,2,0,2,,,,,,,,,,,,,,,,,,
327,Агуулах,Protein softy 33.3g,0,0,0,0,0,0,2,0,0,0,0,0,0,0,0,0,2,0,2,,,,,,,,,,,,,,,,,,
328,Агуулах,Protein pops 38g,0,0,0,0,0,0,2,0,0,1,0,0,0,0,0,0,2,1,1,,,,,,,,,,,,,,,,,,
329,Агуулах,Protein brix 25g,0,0,0,0,0,0,1,0,0,0,0,0,0,0,0,0,1,0,1,,,,,,,,,,,,,,,,,,
330,Агуулах,Protein dips52g,0,0,0,0,0,0,3,0,0,0,0,0,0,0,0,0,3,0,3,,,,,,,,,,,,,,,,,,
331,Агуулах,Tomato soup 30g,0,0,0,0,0,0,100,0,0,0,100,0,0,0,0,0,100,100,0,,,,,,,,,,,,,,,,,,
332,Агуулах,Oatmeal 1kg apple&banana,0,0,7,0,0,0,150,0,12,0,145,0,0,0,0,0,157,157,0,,,,,,,,,,,,,,,,,,
333,Агуулах,Zero bar caramel 50гр,0,0,0,0,0,0,260,0,0,0,260,0,0,0,0,0,260,260,0,,,,,,,,,,,,,,,,,,
334,Агуулах,Energy Gel 60g Professional Orange,0,0,0,0,0,0,120,0,0,0,120,0,0,0,0,0,120,120,0,,,,,,,,,,,,,,,,,,
335,Агуулах,Oatmeal 1kg chocolate,0,0,7,0,0,0,150,0,12,0,145,0,0,0,0,0,157,157,0,,,,,,,,,,,,,,,,,,
336,Агуулах,Shaker 600ml /угсардаг нэмэлттэй/ таслагчтай,0,0,22,0,0,0,432,0,47,0,407,0,0,0,0,0,454,454,0,,,,,,,,,,,,,,,,,,
337,Агуулах,ISO Whey 500g - Vanilla,0,0,0,0,0,0,180,0,23,17,140,0,0,0,0,0,180,180,0,,,,,,,,,,,,,,,,,,
338,Агуулах,Cheese soup 30g,0,0,0,0,0,0,100,0,0,0,100,0,0,0,0,0,100,100,0,,,,,,,,,,,,,,,,,,
339,Агуулах,Zero bar Banana 50g,0,0,0,0,0,0,360,0,0,0,360,0,0,0,0,0,360,360,0,,,,,,,,,,,,,,,,,,
340,Агуулах,L-Carnitine 100.000 - Apple 500ml,0,0,0,0,0,0,240,0,18,0,222,0,0,0,0,0,240,240,0,,,,,,,,,,,,,,,,,,
341,Агуулах,ISO Whey 500g - Strawberry,0,0,0,0,0,0,150,0,11,9,130,0,0,0,0,0,150,150,0,,,,,,,,,,,,,,,,,,
342,Агуулах,Energy Gel 60g Professional Lemon,0,0,0,0,0,0,120,0,0,0,120,0,0,0,0,0,120,120,0,,,,,,,,,,,,,,,,,,
343,Агуулах,Power casein - Chocolate 900g,0,0,0,0,0,0,554,0,0,406,149,0,0,0,0,0,554,555,-1,,,,,,,,,,,,,,,,,,
344,Агуулах,Omega 3 /90ш/,0,0,20,0,0,0,600,0,32,0,588,0,0,0,0,0,620,620,0,,,,,,,,,,,,,,,,,,
345,Агуулах,L-Carnitine powder 300g,0,0,56,0,0,0,1440,0,170,1,1322,0,0,0,0,0,1496,1493,3,,,,,,,,,,,,,,,,,,
346,Агуулах,Power Whey - Chocolate 2250g,0,0,0,0,0,0,270,0,2,0,246,0,0,0,0,0,270,248,22,,,,,,,,,,,,,,,,,,
347,Агуулах,Power Whey - Vanilla 2250g,0,0,0,0,0,0,230,0,5,0,227,0,0,0,0,0,230,232,-2,,,,,,,,,,,,,,,,,,
348,Агуулах,Multivitamin  90ш,0,0,7,0,0,0,420,0,14,0,413,0,0,0,0,0,427,427,0,,,,,,,,,,,,,,,,,,
349,Агуулах,Power Creatine 300гр,-7,0,19,0,0,0,334,12,35,2,335,0,0,0,0,0,365,372,-7,,,,,,,,,,,,,,,,,,
350,Агуулах,Raw intensity Fruit funch 400g,0,0,0,0,0,0,130,24,130,0,24,0,0,0,0,0,154,154,0,,,,,,,,,,,,,,,,,,
442,Агуулах,Protein brownie,0,0,0,0,0,0,12,0,0,0,0,0,0,0,0,0,12,0,12,,,,,,,,,,,,,,,,,,
466,Агуулах,Pre workout booster 240g,0,0,30,0,0,0,6,0,36,0,0,0,0,0,0,0,36,36,0,,,,,,,,,,,,,,,,,,
477,Агуулах,Power Testo 120caps,0,0,4,0,0,0,540,0,10,0,534,0,0,0,0,0,544,544,0,,,,,,,,,,,,,,,,,,
487,Агуулах,Peanut butter 400g smooth Biotech,0,0,0,0,0,0,60,0,0,15,45,0,0,0,0,0,60,60,0,,,,,,,,,,,,,,,,,,
508,Агуулах,Protein cream 400гр,0,0,107,273,13,0,360,0,130,3,780,0,0,0,0,0,753,913,-160,,,,,,,,,,,,,,,,,,
509,Агуулах,Power Casein,0,0,6,406,0,0,0,0,15,0,396,0,0,0,0,0,412,411,1,,,,,,,,,,,,,,,,,,
510,Агуулах,Collagen vibe 330мл,0,0,1044,38573,380,0,0,0,26829,3651,9504,0,0,0,0,0,39997,39984,13,,,,,,,,,,,,,,,,,,
511,Агуулах,ISO Whey sample,0,0,14,780,0,0,300,0,172,0,972,0,0,0,0,0,1094,1144,-50,,,,,,,,,,,,,,,,,,
512,Агуулах,Zero bar,0,0,155,30,0,0,1360,0,530,25,1140,0,0,0,0,0,1545,1695,-150,,,,,,,,,,,,,,,,,,
513,Агуулах,Nitrox sample,0,0,10,160,0,0,800,0,40,0,800,0,0,0,0,0,970,840,130,,,,,,,,,,,,,,,,,,
542,Агуулах,Power Mass,4,0,12,5,2,0,120,0,21,0,114,0,0,0,0,0,139,135,4,,,,,,,,,,,,,,,,,,
543,Агуулах,Power BCAA,0,0,22,58,7,0,240,0,50,0,276,0,0,0,0,0,327,326,1,,,,,,,,,,,,,,,,,,
544,Агуулах,Crush Bar,0,0,133,336,0,0,1056,0,517,29,979,0,0,0,0,0,1525,1525,0,,,,,,,,,,,,,,,,,,
545,Агуулах,Hyper Mass 1000гр,0,0,28,37,0,0,220,0,28,0,257,0,0,0,0,0,285,285,0,,,,,,,,,,,,,,,,,,
546,Агуулах,Hyper mass sample,0,0,0,280,0,0,440,0,0,0,720,0,0,0,0,0,720,720,0,,,,,,,,,,,,,,,,,,
547,Агуулах,ISO Whey 500гр,0,0,69,77,9,0,960,0,274,1,840,0,0,0,0,0,1115,1115,0,,,,,,,,,,,,,,,,,,
548,Агуулах,Peanut butter 400гр,0,0,3,15,0,0,60,0,3,0,75,0,0,0,0,0,78,78,0,,,,,,,,,,,,,,,,,,
549,Агуулах,Protein bar nanosupps,0,0,619,960,0,0,3450,0,2345,0,2682,0,0,0,0,0,5029,5027,2,,,,,,,,,,,,,,,,,,
552,Агуулах,Nitrox 680гр,0,0,37,0,11,0,360,0,84,0,319,5,0,0,0,0,408,408,0,,,,,,,,,,,,,,,,,,
553,Агуулах,Vitamin C 60ш,0,0,10,0,4,0,0,0,0,0,10,0,0,0,0,0,14,10,4,,,,,,,,,,,,,,,,,,
554,Агуулах,L-Carnitine 100.000,0,0,142,0,0,0,96,0,105,0,133,0,0,0,0,0,238,238,0,,,,,,,,,,,,,,,,,,
555,Агуулах,EAA Zero 350гр,2,0,109,0,2,0,24,0,24,0,109,0,0,0,0,0,135,133,2,,,,,,,,,,,,,,,,,,
557,Агуулах,Oatmeal 1000гр,0,0,36,0,0,0,0,0,11,0,25,0,0,0,0,0,36,36,0,,,,,,,,,,,,,,,,,,
563,Агуулах,Vitamin D3 K2 /60ш/,2,0,25,0,7,0,420,0,42,0,404,0,0,0,0,0,452,446,6,,,,,,,,,,,,,,,,,,
564,Агуулах,Zinc 60ш,0,0,5,0,4,0,0,0,0,0,5,0,0,0,0,0,9,5,4,,,,,,,,,,,,,,,,,,
565,Агуулах,ZMA 60ш,2,0,45,0,8,0,420,0,58,0,407,0,0,0,0,0,473,465,8,,,,,,,,,,,,,,,,,,
571,Агуулах,Power Anuxai cell burner 450g,0,495,0,0,0,0,0,0,492,3,0,0,0,0,0,0,0,495,0,,,,,,,,,,,,,,,,,,
572,Агуулах,Anuxai Shaker 500ml+150,-200,0,0,0,0,0,300,0,500,0,0,0,0,0,0,0,300,500,-200,,,,,,,,,,,,,,,,,,
574,Агуулах,Raw Intesity DRINK 330ml,0,0,0,0,0,0,264,0,24,0,105,0,0,0,0,0,264,129,135,,,,,,,,,,,,,,,,,,
575,Агуулах,Rice pudding powder 2000g,0,0,0,0,0,0,2,0,0,0,2,0,0,0,0,0,2,2,0,,,,,,,,,,,,,,,,,,
576,Агуулах,Black Blood NOX+ 340g,0,0,3,0,0,0,20,0,3,0,20,0,0,0,0,0,23,23,0,,,,,,,,,,,,,,,,,,
577,Агуулах,Mission 210g,0,0,0,0,0,0,18,0,0,0,18,0,0,0,0,0,18,18,0,,,,,,,,,,,,,,,,,,
578,Агуулах,Black Test 90 caps,0,0,0,0,0,0,36,0,0,0,36,0,0,0,0,0,36,36,0,,,,,,,,,,,,,,,,,,
579,Агуулах,After 420g,0,0,0,0,0,0,30,0,0,0,30,0,0,0,0,0,30,30,0,,,,,,,,,,,,,,,,,,
580,Агуулах,Black blood NOX+ 20g,0,0,111,0,0,0,300,0,0,0,406,0,0,0,0,0,411,406,5,,,,,,,,,,,,,,,,,,
581,Агуулах,Glucosamine 60caps,1,0,83,0,1,0,48,0,11,0,120,0,0,0,0,0,132,131,1,,,,,,,,,,,,,,,,,,
582,Агуулах,"Hair, Skin & Nails 54 caps",0,0,0,0,0,0,24,0,0,0,24,0,0,0,0,0,24,24,0,,,,,,,,,,,,,,,,,,
583,Агуулах,FAT-X 60 tbl,0,0,0,0,0,0,24,0,0,0,14,0,0,0,0,0,24,14,10,,,,,,,,,,,,,,,,,,
584,Агуулах,Pump caffeine free sample,0,0,0,0,0,0,50,0,0,0,50,0,0,0,0,0,50,50,0,,,,,,,,,,,,,,,,,,
585,Агуулах,Tribooster 60ш,0,0,22,0,0,0,60,0,2,0,80,0,0,0,0,0,82,82,0,,,,,,,,,,,,,,,,,,
605,Агуулах,Protein snack 35g,0,0,36,0,0,0,48,0,84,0,0,0,0,0,0,0,84,84,0,,,,,,,,,,,,,,,,,,
622,Агуулах,ISO Whey 2270g Black,0,0,6,0,0,0,0,0,0,0,6,0,0,0,0,0,6,6,0,,,,,,,,,,,,,,,,,,
624,Агуулах,Power Whey 2250гр,6,0,34,0,10,0,587,0,77,3,545,0,0,0,0,0,631,625,6,,,,,,,,,,,,,,,,,,
640,Агуулах,Mass gain 2000g,0,0,0,0,0,0,62,0,62,0,0,0,0,0,0,0,62,62,0,,,,,,,,,,,,,,,,,,
682,Агуулах,Power Whey - Strawberry 2250g,0,0,0,0,0,0,0,0,0,0,0,0,0,0,0,0,0,0,0,,,,,,,,,,,,,,,,,,
683,Агуулах,Power Amino - Blackcurrant 500g,389,389,0,0,0,0,0,0,0,0,0,0,0,0,0,0,0,0,389,,,,,,,,,,,,,,,,,,
684,Агуулах,Power boost - Lemon 1х*6ш*360гр,0,0,0,0,0,0,0,0,0,0,0,0,0,0,0,0,0,0,0,,,,,,,,,,,,,,,,,,
685,Агуулах,Power professional 1х*6ш*500гр,228,228,0,0,0,0,0,0,0,0,0,0,0,0,0,0,0,0,228,,,,,,,,,,,,,,,,,,
686,Агуулах,Sleep & Relax 450g,0,0,0,0,0,0,0,0,0,0,0,0,0,0,0,0,0,0,0,,,,,,,,,,,,,,,,,,
687,Агуулах,Фитнесс бүс /Хар/ XXL,0,0,0,0,0,0,0,0,0,0,0,0,0,0,0,0,0,0,0,,,,,,,,,,,,,,,,,,
688,Агуулах,Таталтын ремен,0,0,0,0,0,0,0,0,0,0,0,0,0,0,0,0,0,0,0,,,,,,,,,,,,,,,,,,
689,Агуулах,Power бүс,0,0,0,0,0,0,0,0,0,0,0,0,0,0,0,0,0,0,0,,,,,,,,,,,,,,,,,,
690,Агуулах,Шуу төхөөрөмж,0,0,0,0,0,0,0,0,0,0,0,0,0,0,0,0,0,0,0,,,,,,,,,,,,,,,,,,
691,Агуулах,Суга суниалт,0,0,0,0,0,0,0,0,0,0,0,0,0,0,0,0,0,0,0,,,,,,,,,,,,,,,,,,
692,Агуулах,Түгжээ,0,0,0,0,0,0,0,0,0,0,0,0,0,0,0,0,0,0,0,,,,,,,,,,,,,,,,,,
693,Агуулах,Хүзүү төхөөрөмж,0,0,0,0,0,0,0,0,0,0,0,0,0,0,0,0,0,0,0,,,,,,,,,,,,,,,,,,
694,Агуулах,Ундаа Amino 330ml cucumber lime,0,0,0,0,0,0,0,0,0,0,0,0,0,0,0,0,0,0,0,,,,,,,,,,,,,,,,,,
695,Агуулах,Gift card /100'000₮/,0,0,0,0,0,0,0,0,0,0,0,0,0,0,0,0,0,0,0,,,,,,,,,,,,,,,,,,
696,Агуулах,Gift card /50'000₮/,0,0,0,0,0,0,0,0,0,0,0,0,0,0,0,0,0,0,0,,,,,,,,,,,,,,,,,,
697,Агуулах,L-carnitine ampul 25ml lemon,0,0,0,0,0,0,0,0,0,0,0,0,0,0,0,0,0,0,0,,,,,,,,,,,,,,,,,,
698,Агуулах,Oatmeal 1kg apple,0,0,0,0,0,0,0,0,0,0,0,0,0,0,0,0,0,0,0,,,,,,,,,,,,,,,,,,
699,Агуулах,Pro tan DIY,0,0,0,0,0,0,0,0,0,0,0,0,0,0,0,0,0,0,0,,,,,,,,,,,,,,,,,,
700,Агуулах,Ундаа Collagen vibe 330ml Mohito,7316,7316,0,0,0,0,0,0,0,0,0,0,0,0,0,0,0,0,7316,,,,,,,,,,,,,,,,,,
701,Агуулах,Peanut Butter 400gr smooth Nano sups,0,0,0,0,0,0,0,0,0,0,0,0,0,0,0,0,0,0,0,,,,,,,,,,,,,,,,,,
702,Агуулах,Arthro forte 340g blackcurrent,0,0,0,0,0,0,0,0,0,0,0,0,0,0,0,0,0,0,0,,,,,,,,,,,,,,,,,,
703,Агуулах,Shaker Anuxai 500ml+150mg,500,500,0,0,0,0,0,0,0,0,0,0,0,0,0,0,0,0,500,,,,,,,,,,,,,,,,,,
597,Баталгаат агуулах ,BCAA Powder 420гр,60,,0,0,0,0,150,0,0,0,90,0,0,0,0,0,150,90,60,,,,,,,,,,,,,,,,,,
598,Баталгаат агуулах ,Protein snack 35g,0,,0,0,0,0,36,0,0,0,36,0,0,0,0,0,36,36,0,,,,,,,,,,,,,,,,,,
599,Баталгаат агуулах ,Pre workout booster 240g,24,,0,0,0,0,60,0,0,0,36,0,0,0,0,0,60,36,24,,,,,,,,,,,,,,,,,,
600,Баталгаат агуулах ,Mineral Plex 1000мл шилтэй,16,,0,0,0,0,600,0,0,0,584,0,0,0,0,0,600,584,16,,,,,,,,,,,,,,,,,,
601,Баталгаат агуулах ,Creatine Beta Alanine 420g,48,,0,0,0,0,100,0,0,0,52,0,0,0,0,0,100,52,48,,,,,,,,,,,,,,,,,,
602,Баталгаат агуулах ,Protein bar oatcake,0,,0,0,0,0,72,0,0,0,72,0,0,0,0,0,72,72,0,,,,,,,,,,,,,,,,,,
603,Баталгаат агуулах ,Protein bar cookie crunch,0,,0,0,0,0,36,0,0,0,36,0,0,0,0,0,36,36,0,,,,,,,,,,,,,,,,,,
617,Баталгаат агуулах ,Glucosamine 60caps,24,,12,0,0,0,84,0,0,0,72,0,0,0,0,0,96,72,24,,,,,,,,,,,,,,,,,,
618,Баталгаат агуулах ,ISO Whey 2270g Black,0,,0,0,0,0,6,0,0,0,6,0,0,0,0,0,6,6,0,,,,,,,,,,,,,,,,,,
619,Баталгаат агуулах ,EAA Zero 350гр,30,,0,0,0,0,120,0,0,0,90,0,0,0,0,0,120,90,30,,,,,,,,,,,,,,,,,,
620,Баталгаат агуулах ,L-Glutamine 240гр,10,,0,0,0,0,50,0,0,0,40,0,0,0,0,0,50,40,10,,,,,,,,,,,,,,,,,,
621,Баталгаат агуулах ,MSM+ Vitamin C 150g,66,,6,0,0,0,138,0,0,0,78,0,0,0,0,0,144,78,66,,,,,,,,,,,,,,,,,,
627,Баталгаат агуулах ,Aminotropin 120caplet,0,,0,0,0,0,1,0,0,1,0,0,0,0,0,0,1,1,0,,,,,,,,,,,,,,,,,,
641,Баталгаат агуулах ,Tribooster 60ш,40,,0,0,0,0,60,0,0,0,20,0,0,0,0,0,60,20,40,,,,,,,,,,,,,,,,,,
411,Бямбацогт,Power Whey - Vanilla 2250g,0,,27,0,0,0,0,0,27,0,0,0,0,0,0,0,27,27,0,,,,,,,,,,,,,,,,,,
412,Бямбацогт,Power Whey - Chocolate 2250g,0,,15,0,0,0,0,0,15,0,0,0,0,0,0,0,15,15,0,,,,,,,,,,,,,,,,,,
413,Бямбацогт,EAA Zero 350g Lemon,0,,17,0,0,0,0,0,17,0,0,0,0,0,0,0,17,17,0,,,,,,,,,,,,,,,,,,
414,Бямбацогт,Shaker 600ml,0,,15,0,0,0,0,0,15,0,0,0,0,0,0,0,15,15,0,,,,,,,,,,,,,,,,,,
415,Бямбацогт,Shaker 600ml /угсардаг нэмэлттэй/ таслагчтай,0,,16,0,0,0,0,0,16,0,0,0,0,0,0,0,16,16,0,,,,,,,,,,,,,,,,,,
416,Бямбацогт,Protein cream 400g Duo white chocolate-chocolate,0,,6,0,0,0,0,0,6,0,0,0,0,0,0,0,6,6,0,,,,,,,,,,,,,,,,,,
417,Бямбацогт,Nitrox - Blue grape 680g,0,,8,0,0,0,0,0,8,0,0,0,0,0,0,0,8,8,0,,,,,,,,,,,,,,,,,,
418,Бямбацогт,Power Amino,0,,15,0,0,0,0,0,15,0,0,0,0,0,0,0,15,15,0,,,,,,,,,,,,,,,,,,
419,Бямбацогт,Protein cream 400g Chocolate hazelnut,0,,9,0,0,0,0,0,9,0,0,0,0,0,0,0,9,9,0,,,,,,,,,,,,,,,,,,
420,Бямбацогт,Protein cream 400g peanut butter smooth,0,,8,0,0,0,0,0,8,0,0,0,0,0,0,0,8,8,0,,,,,,,,,,,,,,,,,,
421,Бямбацогт,Protein cream 400g Caramel,0,,7,0,0,0,0,0,7,0,0,0,0,0,0,0,7,7,0,,,,,,,,,,,,,,,,,,
422,Бямбацогт,Nitrox - Tropical 680гр,0,,8,0,0,0,0,0,8,0,0,0,0,0,0,0,8,8,0,,,,,,,,,,,,,,,,,,
423,Бямбацогт,ISO Whey 500g - Vanilla,0,,11,0,0,0,0,0,11,0,0,0,0,0,0,0,11,11,0,,,,,,,,,,,,,,,,,,
424,Бямбацогт,Nitrox - Peach 680гр,0,,24,0,0,0,0,0,24,0,0,0,0,0,0,0,24,24,0,,,,,,,,,,,,,,,,,,
425,Бямбацогт,ISO Whey 500g - White chocolate,0,,16,0,0,0,0,0,16,0,0,0,0,0,0,0,16,16,0,,,,,,,,,,,,,,,,,,
426,Бямбацогт,L-Carnitine 100.000 - Apple 500ml,0,,25,0,0,0,0,0,25,0,0,0,0,0,0,0,25,25,0,,,,,,,,,,,,,,,,,,
427,Бямбацогт,L-Carnitine powder 300g,0,,54,0,0,0,0,0,54,0,0,0,0,0,0,0,54,54,0,,,,,,,,,,,,,,,,,,
428,Бямбацогт,Ундаа Amino 330ml Waikiki,0,,82,0,0,0,0,0,82,0,0,0,0,0,0,0,82,82,0,,,,,,,,,,,,,,,,,,
429,Бямбацогт,Ундаа Collagen vibe 330ml Passion fruit,0,,72,0,0,0,0,0,72,0,0,0,0,0,0,0,72,72,0,,,,,,,,,,,,,,,,,,
430,Бямбацогт,Ундаа Amino 330ml Passion fruit,0,,166,0,0,0,0,0,166,0,0,0,0,0,0,0,166,166,0,,,,,,,,,,,,,,,,,,
431,Бямбацогт,Ундаа Amino 330ml Super pear,0,,127,0,0,0,0,0,127,0,0,0,0,0,0,0,127,127,0,,,,,,,,,,,,,,,,,,
432,Бямбацогт,Ундаа Collagen vibe 330ml Pineapple coconut,0,,9,0,0,0,0,0,9,0,0,0,0,0,0,0,9,9,0,,,,,,,,,,,,,,,,,,
433,Бямбацогт,Ундаа Amino 330ml Raspberry,0,,9,0,0,0,0,0,9,0,0,0,0,0,0,0,9,9,0,,,,,,,,,,,,,,,,,,
434,Бямбацогт,Protein bar 15*55g Choco caramel,0,,155,0,0,0,0,0,155,0,0,0,0,0,0,0,155,155,0,,,,,,,,,,,,,,,,,,
435,Бямбацогт,Protein bar 15*55g Caramel peanuts,0,,76,0,0,0,0,0,76,0,0,0,0,0,0,0,76,76,0,,,,,,,,,,,,,,,,,,
436,Бямбацогт,Protein bar 15*55g Cookies cream,0,,108,0,0,0,0,0,108,0,0,0,0,0,0,0,108,108,0,,,,,,,,,,,,,,,,,,
437,Бямбацогт,Omega 3 /90ш/,0,,9,0,0,0,0,0,9,0,0,0,0,0,0,0,9,9,0,,,,,,,,,,,,,,,,,,
438,Бямбацогт,L-Carnitine 100.000 - Cherry 500ml,0,,25,0,0,0,0,0,25,0,0,0,0,0,0,0,25,25,0,,,,,,,,,,,,,,,,,,
439,Бямбацогт,Hyper Mass - Chocolate 1kg,0,,6,0,0,0,0,0,6,0,0,0,0,0,0,0,6,6,0,,,,,,,,,,,,,,,,,,
440,Бямбацогт,ISO Whey 500g - Raspberry,0,,20,0,0,0,0,0,20,0,0,0,0,0,0,0,20,20,0,,,,,,,,,,,,,,,,,,
441,Бямбацогт,ZMA 60ш,0,,4,0,0,0,0,0,4,0,0,0,0,0,0,0,4,4,0,,,,,,,,,,,,,,,,,,
443,Бямбацогт,Vitamin D3 K2 /60ш/,0,,3,0,0,0,0,0,3,0,0,0,0,0,0,0,3,3,0,,,,,,,,,,,,,,,,,,
444,Бямбацогт,Zinc 60ш,0,,3,0,0,0,0,0,3,0,0,0,0,0,0,0,3,3,0,,,,,,,,,,,,,,,,,,
445,Бямбацогт,Multivitamin  90ш,0,,5,0,0,0,0,0,5,0,0,0,0,0,0,0,5,5,0,,,,,,,,,,,,,,,,,,
446,Бямбацогт,Vitamin C 60ш,0,,3,0,0,0,0,0,3,0,0,0,0,0,0,0,3,3,0,,,,,,,,,,,,,,,,,,
447,Бямбацогт,Power casein - Chocolate 900g,0,,7,0,0,0,0,0,7,0,0,0,0,0,0,0,7,7,0,,,,,,,,,,,,,,,,,,
448,Бямбацогт,Peanut butter 400g crunchy Biotech,0,,14,0,0,0,0,0,14,0,0,0,0,0,0,0,14,14,0,,,,,,,,,,,,,,,,,,
449,Бямбацогт,Protein cream 400g White chocolate Hazelnut,0,,3,0,0,0,0,0,3,0,0,0,0,0,0,0,3,3,0,,,,,,,,,,,,,,,,,,
450,Бямбацогт,ISO Whey 500g - Banana,0,,11,0,0,0,0,0,11,0,0,0,0,0,0,0,11,11,0,,,,,,,,,,,,,,,,,,
451,Бямбацогт,L-Carnitine shot,0,,120,0,0,0,0,0,120,0,0,0,0,0,0,0,120,120,0,,,,,,,,,,,,,,,,,,
452,Бямбацогт,Hyper Mass - Vanilla 1kg,0,,5,0,0,0,0,0,5,0,0,0,0,0,0,0,5,5,0,,,,,,,,,,,,,,,,,,
453,Бямбацогт,Oatmeal 1kg apple&banana,0,,14,0,0,0,0,0,14,0,0,0,0,0,0,0,14,14,0,,,,,,,,,,,,,,,,,,
454,Бямбацогт,Oatmeal 1kg chocolate,0,,15,0,0,0,0,0,15,0,0,0,0,0,0,0,15,15,0,,,,,,,,,,,,,,,,,,
455,Бямбацогт,ISO Whey 500g - Coconut,0,,1,0,0,0,0,0,1,0,0,0,0,0,0,0,1,1,0,,,,,,,,,,,,,,,,,,
456,Бямбацогт,ISO Whey 500g - Strawberry,0,,10,0,0,0,0,0,10,0,0,0,0,0,0,0,10,10,0,,,,,,,,,,,,,,,,,,
457,Бямбацогт,ISO Whey 500g - Hazelnut,0,,18,0,0,0,0,0,18,0,0,0,0,0,0,0,18,18,0,,,,,,,,,,,,,,,,,,
458,Бямбацогт,Nitrox - Cranberry 680гр,0,,4,0,0,0,0,0,4,0,0,0,0,0,0,0,4,4,0,,,,,,,,,,,,,,,,,,
459,Бямбацогт,Protein snap,0,,55,0,0,0,0,0,55,0,0,0,0,0,0,0,55,55,0,,,,,,,,,,,,,,,,,,
460,Бямбацогт,Protein wafer,0,,16,0,0,0,0,0,16,0,0,0,0,0,0,0,16,16,0,,,,,,,,,,,,,,,,,,
461,Бямбацогт,Ундаа Collagen vibe 330ml Mojito,0,,108,0,0,0,0,0,108,0,0,0,0,0,0,0,108,108,0,,,,,,,,,,,,,,,,,,
462,Бямбацогт,ISO Whey sample - Strawberry 25g,0,,10,0,0,0,0,0,10,0,0,0,0,0,0,0,10,10,0,,,,,,,,,,,,,,,,,,
463,Бямбацогт,ISO Whey sample - Vanilla 25g,0,,10,0,0,0,0,0,10,0,0,0,0,0,0,0,10,10,0,,,,,,,,,,,,,,,,,,
464,Бямбацогт,Hyper mass sample 65g chocolate,0,,5,0,0,0,0,0,5,0,0,0,0,0,0,0,5,5,0,,,,,,,,,,,,,,,,,,
465,Бямбацогт,ISO Whey sample - coconut 25g,0,,5,0,0,0,0,0,5,0,0,0,0,0,0,0,5,5,0,,,,,,,,,,,,,,,,,,
467,Бямбацогт,L-Glutamine 240гр,0,,2,0,0,0,0,0,2,0,0,0,0,0,0,0,2,2,0,,,,,,,,,,,,,,,,,,
468,Бямбацогт,Power Testo 120caps,0,,7,0,0,0,0,0,7,0,0,0,0,0,0,0,7,7,0,,,,,,,,,,,,,,,,,,
471,Бямбацогт,ISO Whey sample - Chocolate 25g,0,,15,0,0,0,0,0,15,0,0,0,0,0,0,0,15,15,0,,,,,,,,,,,,,,,,,,
474,Бямбацогт,Tomato soup 30g,0,,6,0,0,0,0,0,6,0,0,0,0,0,0,0,6,6,0,,,,,,,,,,,,,,,,,,
475,Бямбацогт,EAA Zero 350g blue grape,0,,5,0,0,0,0,0,5,0,0,0,0,0,0,0,5,5,0,,,,,,,,,,,,,,,,,,
476,Бямбацогт,Cheese soup 30g,0,,12,0,0,0,0,0,12,0,0,0,0,0,0,0,12,12,0,,,,,,,,,,,,,,,,,,
480,Бямбацогт,ISO Whey 500g - Cookies,0,,2,0,0,0,0,0,2,0,0,0,0,0,0,0,2,2,0,,,,,,,,,,,,,,,,,,
481,Бямбацогт,Power BCAA - Watermelon 420g,0,,2,0,0,0,0,0,2,0,0,0,0,0,0,0,2,2,0,,,,,,,,,,,,,,,,,,
482,Бямбацогт,Power Mass - Chocolate 5kg,0,,4,0,0,0,0,0,4,0,0,0,0,0,0,0,4,4,0,,,,,,,,,,,,,,,,,,
483,Бямбацогт,ISO Whey 500g - Tiramisu,0,,1,0,0,0,0,0,1,0,0,0,0,0,0,0,1,1,0,,,,,,,,,,,,,,,,,,
484,Бямбацогт,Protein bar cookie crunch,0,,18,0,0,0,0,0,18,0,0,0,0,0,0,0,18,18,0,,,,,,,,,,,,,,,,,,
490,Бямбацогт,Power Mass,0,,4,0,0,0,0,0,4,0,0,0,0,0,0,0,4,4,0,,,,,,,,,,,,,,,,,,
492,Бямбацогт,ISO Whey 500гр,0,,1,0,0,0,0,0,1,0,0,0,0,0,0,0,1,1,0,,,,,,,,,,,,,,,,,,
493,Бямбацогт,Crush Bar,0,,1,0,0,0,0,0,1,0,0,0,0,0,0,0,1,1,0,,,,,,,,,,,,,,,,,,
495,Бямбацогт,Hyper Mass 1000гр,0,,1,0,0,0,0,0,1,0,0,0,0,0,0,0,1,1,0,,,,,,,,,,,,,,,,,,
550,Бямбацогт,Power BCAA,0,,2,0,0,0,0,0,2,0,0,0,0,0,0,0,2,2,0,,,,,,,,,,,,,,,,,,
604,Оффис,Rice pudding powder 2000g,2,,2,0,0,0,0,0,0,0,0,0,0,0,0,0,2,0,2,,,,,,,,,,,,,,,,,,
613,Оффис,Jack's BCAA 300g,0,,6,0,0,0,0,0,0,0,6,0,0,0,0,0,6,6,0,,,,,,,,,,,,,,,,,,
614,Оффис,Mission 210g,9,,9,0,0,0,0,0,0,0,0,0,0,0,0,0,9,0,9,,,,,,,,,,,,,,,,,,
625,Оффис,Fitness cream 200ml,2,,2,0,0,0,0,0,0,0,0,0,0,0,0,0,2,0,2,,,,,,,,,,,,,,,,,,
653,Оффис,BCAA Powder 420гр,0,,83,0,0,0,0,0,78,0,0,0,0,0,5,0,83,83,0,,,,,,,,,,,,,,,,,,
654,Оффис,L-Carnitine 100.000,3,,3,0,0,0,0,0,0,0,0,0,0,0,0,0,3,0,3,,,,,,,,,,,,,,,,,,
655,Оффис,Power BCAA,2,,2,0,0,0,0,0,0,0,0,0,0,0,0,0,2,0,2,,,,,,,,,,,,,,,,,,
656,Оффис,Power Mass,2,,2,0,0,0,0,0,0,0,0,0,0,0,0,0,2,0,2,,,,,,,,,,,,,,,,,,
657,Оффис,Hyper Mass 1000гр,13,,13,0,0,0,0,0,0,0,0,0,0,0,0,0,13,0,13,,,,,,,,,,,,,,,,,,
658,Оффис,Nitrox 680гр,1,,1,0,0,0,0,0,0,0,0,0,0,0,0,0,1,0,1,,,,,,,,,,,,,,,,,,
659,Оффис,Power Testo 120caps,3,,3,0,0,0,0,0,0,0,0,0,0,0,0,0,3,0,3,,,,,,,,,,,,,,,,,,
660,Оффис,Mineral Plex 1000мл шилтэй,0,,21,0,5,0,0,0,0,0,0,17,0,0,9,0,26,26,0,,,,,,,,,,,,,,,,,,
664,Оффис,Pre workout booster 240g,0,,6,0,0,0,0,0,6,0,0,0,0,0,0,0,6,6,0,,,,,,,,,,,,,,,,,,
665,Оффис,Hyper mass sample,2,,2,0,0,0,0,0,0,0,0,0,0,0,0,0,2,0,2,,,,,,,,,,,,,,,,,,
666,Оффис,ZMA 60ш,6,,6,0,0,0,0,0,0,0,0,0,0,0,0,0,6,0,6,,,,,,,,,,,,,,,,,,
667,Оффис,Bedford 2,5,,5,0,0,0,0,0,0,0,0,0,0,0,0,0,5,0,5,,,,,,,,,,,,,,,,,,
669,Оффис,Anuxai Shaker 500ml+150,300,,300,0,0,0,0,0,0,0,0,0,0,0,0,0,300,0,300,,,,,,,,,,,,,,,,,,
670,Оффис,Mass gain 2000g,0,,4,0,0,0,0,0,0,0,0,0,0,0,4,0,4,4,0,,,,,,,,,,,,,,,,,,
671,Оффис,Raw intensity Blackberry 400g,0,,2,0,0,0,0,0,0,0,0,0,0,0,2,0,2,2,0,,,,,,,,,,,,,,,,,,
672,Оффис,Shaker 600ml,4,,4,0,0,0,0,0,0,0,0,0,0,0,0,0,4,0,4,,,,,,,,,,,,,,,,,,
673,Оффис,Jack's book,3,,3,0,0,0,0,0,0,0,0,0,0,0,0,0,3,0,3,,,,,,,,,,,,,,,,,,
674,Оффис,Tribooster 60ш,1,,1,0,0,0,0,0,0,0,0,0,0,0,0,0,1,0,1,,,,,,,,,,,,,,,,,,
675,Оффис,Magna shot 25ml,6,,6,0,0,0,0,0,0,0,0,0,0,0,0,0,6,0,6,,,,,,,,,,,,,,,,,,
676,Оффис,Amino Liquid currant 1л шилтэй,0,,12,0,0,0,0,0,0,0,0,0,0,0,12,0,12,12,0,,,,,,,,,,,,,,,,,,
677,Оффис,Whey protein Powder 2270гр 3 төрөл,0,,14,0,0,0,0,0,0,0,0,0,0,0,14,0,14,14,0,,,,,,,,,,,,,,,,,,
678,Оффис,Vitamin D3 K2 /60ш/,127,,127,0,0,0,0,0,0,0,0,0,0,0,0,0,127,0,127,,,,,,,,,,,,,,,,,,
679,Оффис,Test-x 150ш,0,,21,0,0,0,0,0,0,0,0,0,0,0,21,0,21,21,0,,,,,,,,,,,,,,,,,,
680,Оффис,Power Casein,101,,101,0,0,0,0,0,0,0,0,0,0,0,0,0,101,0,101,,,,,,,,,,,,,,,,,,
681,Оффис,Bedford 5,1,,1,0,0,0,0,0,0,0,0,0,0,0,0,0,1,0,1,,,,,,,,,,,,,,,,,,
