,Агуулах,Барааны нэр,,Зарлага | Бараа материал борлуулалт,Зарлага | Бараа материал зарлага,Зарлага | Бараа материал хөдөлгөөн,Зарлага | Бараа материалын актлалт,Зарлага | Дэлгүүрийн борлуулалт,Зарлага | Дэлгүүрийн падааны борлуулалт,Зарлага | Худалдан авалтын буцаалт,Зарлага | Үндсэн хөрөнгө рүү шилжүүлэх,Орлого | Бараа материал хөдөлгөөн,Орлого | Бараа материалын орлого,Орлого | Борлуулалтын буцаалт,Орлого | Дэлгүүрийн борлуулалтын буцаалт,Орлого | Татан авалт,Орлого | Худалдан авалт
0,PN Gold's,Allstar Whey shake,,0,0,0,0,1412,0,0,0,1275,0,0,0,0,75
1,PN Gold's,Americano,,0,0,0,0,75,0,0,0,0,0,0,0,0,96
2,PN Gold's,Amino Liquid currant 1л шилтэй,,45,0,18,0,114,0,17,0,81,0,0,0,0,99
3,PN Gold's,Amino vibe 330мл,,0,0,0,0,0,0,0,0,0,47,0,0,0,0
4,PN Gold's,Arthro forte 340g blackcurrent,,4,0,0,0,0,0,0,0,0,0,0,0,0,0
5,PN Gold's,BCAA Powder 420гр,,31,0,0,0,111,0,12,0,48,0,0,0,0,105
6,PN Gold's,BCAA Zero 9g green apple,,16,0,0,0,0,0,0,0,0,0,0,0,0,0
7,PN Gold's,BCAA Zero 9g ice tea peach,,2,0,0,0,0,0,0,0,0,0,0,0,0,0
8,PN Gold's,BCAA Zero 9g pineapple mango,,29,0,0,0,0,0,0,0,0,0,0,0,0,0
9,PN Gold's,Baked cookie,,0,0,0,0,0,0,0,0,0,0,0,0,0,7
10,PN Gold's,Baked oat muffin,,0,0,0,0,226,0,4,0,0,0,0,0,0,242
11,PN Gold's,Baked oat tart,,0,0,0,0,24,0,0,0,0,0,0,0,0,32
12,PN Gold's,Baked oatcake,,0,0,0,0,649,0,2,0,0,0,0,0,0,659
13,PN Gold's,Bedford 2,,0,0,10,0,0,0,0,0,0,0,0,0,0,0
14,PN Gold's,Bedford 5,,0,0,10,0,0,0,0,0,0,0,0,0,0,0
15,PN Gold's,Bedford 7,,2,0,7,0,0,0,0,0,0,0,0,0,0,0
16,PN Gold's,Bedford 8,,1,0,7,0,0,0,0,0,0,0,0,0,0,0
17,PN Gold's,Black Blood NOX+ 340g,,0,0,0,0,5,0,0,0,5,0,0,0,0,0
18,PN Gold's,Black Test 90 caps,,0,0,2,0,3,0,0,0,5,0,0,0,0,0
19,PN Gold's,Black blood NOX+ 20g,,0,0,0,0,130,0,0,0,131,0,0,0,0,0
20,PN Gold's,Cell Loader 1000гр,,3,0,0,0,0,0,0,0,0,0,0,0,0,0
21,PN Gold's,Cheese soup 30g,,16,1,0,0,30,0,0,0,50,0,0,0,0,0
22,PN Gold's,Club mate 330мл,,565,145,0,0,4348,0,0,0,5218,0,0,10,0,0
23,PN Gold's,Club mate 500мл,,629,78,0,0,2841,0,0,0,3540,0,0,0,0,0
24,PN Gold's,Collagen vibe 330мл,,0,235,0,0,4978,0,0,0,4848,373,0,3,0,0
25,PN Gold's,Crush Bar,,0,10,0,0,460,0,0,0,420,53,0,1,0,0
26,PN Gold's,Crush Bar - Chocolate 64g,,342,38,0,0,19,0,0,0,372,0,0,0,0,0
27,PN Gold's,Crush Bar - Cookiescream 64g,,378,58,0,0,1,0,0,0,372,0,0,0,0,0
28,PN Gold's,Crush Bar - Toffee coconut 64g,,199,21,0,0,35,0,0,0,348,0,0,0,0,0
29,PN Gold's,Doctor эрдэст ус,,78,0,0,0,741,0,0,0,0,0,0,0,0,800
30,PN Gold's,EAA Zero 350g Lemon,,8,2,0,0,1,0,0,0,10,0,0,0,0,0
31,PN Gold's,EAA Zero 350g blue grape,,17,5,0,0,9,0,0,0,25,0,0,0,0,0
32,PN Gold's,EAA Zero 350гр,,0,1,11,0,23,0,0,0,30,5,0,0,0,0
33,PN Gold's,Energy Gel ,,0,0,0,0,26,0,0,0,0,28,0,0,0,0
34,PN Gold's,Energy Gel 60g Peach,,15,23,0,0,1,0,0,0,24,0,0,0,0,0
35,PN Gold's,Energy Gel 60g Professional Orange,,19,0,0,0,0,0,0,0,0,0,0,0,0,0
36,PN Gold's,Energy Gel Professional,,0,0,0,0,3,0,0,0,0,0,0,1,0,0
37,PN Gold's,Energy gel 60g Orange,,5,5,0,0,23,0,0,0,48,0,0,0,0,0
38,PN Gold's,FAT-X 60 tbl,,0,0,3,0,2,0,0,0,5,0,0,0,0,0
39,PN Gold's,Gatorade,,10,0,0,0,692,0,0,0,0,0,0,0,0,696
40,PN Gold's,Glucosamine 60caps,,5,1,3,0,15,0,0,0,18,0,0,0,0,0
41,PN Gold's,Green juice,,0,0,0,0,86,0,12,0,0,0,0,0,0,90
42,PN Gold's,"Hair, Skin & Nails 54 caps",,0,1,2,0,2,0,0,0,5,0,0,0,0,0
43,PN Gold's,Hyper Mass - Caramel cappuchino 1kg,,7,0,0,0,0,0,0,0,10,0,0,0,0,0
44,PN Gold's,Hyper Mass - Chocolate 1kg,,10,10,0,0,7,0,0,0,10,0,0,0,0,0
45,PN Gold's,Hyper Mass - Vanilla 1kg,,5,11,2,0,26,0,0,0,40,0,0,0,0,0
46,PN Gold's,Hyper Mass 1000гр,,20,9,9,0,67,0,0,0,87,19,0,0,0,0
47,PN Gold's,Hyper mass sample,,4,9,0,0,677,0,0,0,520,195,0,0,0,0
48,PN Gold's,Hyper mass sample 65g chocolate,,245,129,0,0,186,0,0,0,520,0,0,0,0,0
49,PN Gold's,Hyper mass sample 65g vanilla,,251,81,0,0,238,0,0,0,490,0,0,0,0,0
50,PN Gold's,ISO Whey 500g - Banana,,19,6,2,0,6,0,0,0,30,0,0,0,0,0
51,PN Gold's,ISO Whey 500g - Chocolate,,2,14,2,0,5,0,0,0,20,0,0,0,0,0
52,PN Gold's,ISO Whey 500g - Coconut,,3,12,1,0,3,0,0,0,20,0,0,0,0,0
53,PN Gold's,ISO Whey 500g - Cookies,,18,5,5,0,4,0,0,0,30,0,0,0,0,0
54,PN Gold's,ISO Whey 500g - Pineapple mango,,18,1,0,0,0,0,0,0,20,0,0,0,0,0
55,PN Gold's,ISO Whey 500g - Raspberry,,2,2,3,0,8,0,0,0,20,0,0,0,0,0
56,PN Gold's,ISO Whey 500g - Tiramisu,,1,1,1,0,6,0,0,0,10,0,0,0,0,0
57,PN Gold's,ISO Whey 500g - Vanilla,,1,7,0,0,4,0,0,0,10,0,0,0,0,0
58,PN Gold's,ISO Whey 500гр,,27,24,5,0,92,0,0,0,120,28,0,1,0,0
59,PN Gold's,ISO Whey sample,,19,22,0,0,782,0,0,0,435,399,0,0,0,0
60,PN Gold's,ISO Whey sample - Bananas 25g,,0,49,0,0,100,0,0,0,150,0,0,0,0,0
61,PN Gold's,ISO Whey sample - Chocolate 25g,,85,46,0,0,145,0,0,0,250,0,0,0,0,0
62,PN Gold's,ISO Whey sample - Cookies 25g,,241,9,0,0,6,0,0,0,250,0,0,0,0,0
63,PN Gold's,ISO Whey sample - Hazelnut 25g,,49,51,0,0,45,0,0,0,150,0,0,0,0,0
64,PN Gold's,ISO Whey sample - Pineapple 25g,,0,50,0,0,50,0,0,0,100,0,0,0,0,0
65,PN Gold's,ISO Whey sample - Raspberry 25g,,138,91,0,0,9,0,0,0,350,0,0,0,0,0
66,PN Gold's,ISO Whey sample - Strawberry 25g,,139,0,0,0,154,0,0,0,200,0,0,0,0,0
67,PN Gold's,ISO Whey sample - Vanilla 25g,,0,12,0,0,157,0,0,0,200,0,0,0,0,0
68,PN Gold's,ISO Whey sample - White chocolate 25g,,0,50,0,0,43,0,0,0,100,0,0,0,0,0
69,PN Gold's,ISO Whey sample - coconut 25g,,0,51,0,0,47,0,0,0,100,0,0,0,0,0
70,PN Gold's,ISO Whey sample - tiramisu 25g,,171,0,0,0,50,0,0,0,200,0,0,0,0,0
71,PN Gold's,Ice cream 500g chocolate,,3,4,0,0,0,0,0,0,0,0,0,0,0,0
72,PN Gold's,Ice cream 500g strawberry,,4,2,0,0,1,0,0,0,0,0,0,0,0,0
73,PN Gold's,Ice cream powder 500гр,,0,0,0,0,6,0,0,0,0,6,0,0,0,0
74,PN Gold's,Jack's BCAA 300g,,0,0,0,0,0,0,0,0,0,0,0,0,0,1
75,PN Gold's,Jack's WPC 1000g,,1,0,22,0,2,0,0,0,24,0,0,0,0,1
76,PN Gold's,Jack's amino 300g,,0,0,0,0,0,0,0,0,0,0,0,0,0,1
77,PN Gold's,Jack's prework out shake,,0,0,0,0,30,0,0,0,0,0,0,0,0,40
78,PN Gold's,L-Carnitine 100.000,,0,8,1,0,63,0,0,0,71,1,0,1,0,0
79,PN Gold's,L-Carnitine 100.000 - Apple 500ml,,6,2,0,0,5,0,0,0,12,0,0,0,0,0
80,PN Gold's,L-Carnitine 100.000 - Cherry 500ml,,8,4,0,0,2,0,0,0,12,0,0,0,0,0
81,PN Gold's,L-Carnitine drink 500ml Apple peach,,60,0,0,0,0,0,0,0,60,0,0,0,0,0
82,PN Gold's,L-Carnitine drink 500ml- Strawberry kiwi,,72,0,0,0,0,0,0,0,72,0,0,0,0,0
83,PN Gold's,L-Carnitine powder 300g,,3,6,7,0,46,0,0,0,59,0,0,1,0,0
84,PN Gold's,L-Carnitine shot,,98,2,10,0,282,0,0,0,320,0,0,0,0,0
85,PN Gold's,L-Glutamine 240гр,,8,1,9,0,14,0,0,0,27,0,0,0,0,0
86,PN Gold's,Lipodex 120ш,,4,0,0,0,4,0,0,0,6,0,0,0,0,0
87,PN Gold's,MSM+ Vitamin C 150g,,0,3,16,0,14,0,0,0,24,0,0,0,0,0
88,PN Gold's,Magna shot 25ml,,85,1,0,0,111,0,0,0,180,0,0,0,0,0
89,PN Gold's,Mass gain 2000g,,0,0,0,0,7,0,2,0,0,0,0,0,0,10
90,PN Gold's,Mineral Plex 1000мл шилтэй,,70,0,25,0,127,0,12,0,120,0,0,0,0,114
91,PN Gold's,Mission 210g,,0,0,4,0,1,0,0,0,5,0,0,0,0,0
92,PN Gold's,Multivitamin  90ш,,1,9,5,0,68,0,0,0,83,0,0,0,0,0
93,PN Gold's,Musashi energy drink,,41,0,0,0,714,0,0,0,0,0,0,0,0,756
94,PN Gold's,Napoleon,,0,0,0,0,259,0,7,0,0,0,0,0,0,273
95,PN Gold's,Nitrox - Blue grape 680g,,11,6,0,0,9,0,0,0,27,0,0,0,0,0
96,PN Gold's,Nitrox - Cranberry 680гр,,21,1,0,0,10,0,0,0,27,0,0,0,0,0
97,PN Gold's,Nitrox - Peach 680гр,,12,1,0,0,11,0,0,0,21,0,0,0,0,0
98,PN Gold's,Nitrox - Tropical 680гр,,7,5,0,0,9,0,0,0,18,0,0,0,0,0
99,PN Gold's,Nitrox 680гр,,0,3,0,0,122,0,0,0,116,9,0,0,0,0
100,PN Gold's,Nitrox sample,,0,7,15,0,732,0,0,0,582,172,0,0,0,0
101,PN Gold's,Nitrox sample - Blue grape 17g,,90,50,0,0,89,0,0,0,290,0,0,0,0,0
102,PN Gold's,Nitrox sample - Cranberry 17g,,297,62,65,0,48,0,0,0,350,0,0,0,0,0
103,PN Gold's,Nitrox sample - Peach 17g,,108,27,0,0,78,0,0,0,300,0,0,0,0,0
104,PN Gold's,Nitrox sample - Tropical 17g,,106,45,0,0,70,0,0,0,200,0,0,0,0,0
105,PN Gold's,Oatmeal 1000гр,,0,0,0,0,13,0,0,0,5,10,0,0,0,0
106,PN Gold's,Oatmeal 1kg apple&banana,,4,5,0,0,6,0,0,0,15,0,0,0,0,0
107,PN Gold's,Oatmeal 1kg chocolate,,5,6,0,0,7,0,0,0,15,0,0,0,0,0
108,PN Gold's,Omega 3 /90ш/,,15,21,9,0,32,0,0,0,77,0,0,0,0,0
109,PN Gold's,Peanut butter 400g crunchy Biotech,,4,1,0,0,24,0,0,0,30,0,0,0,0,0
110,PN Gold's,Peanut butter 400g smooth Biotech,,5,15,0,0,1,0,0,0,15,0,0,0,0,0
111,PN Gold's,Peanut butter 400гр,,0,0,0,0,39,0,0,0,25,15,0,0,0,0
112,PN Gold's,Power Amino,,10,2,6,0,23,0,0,0,35,0,0,1,0,0
113,PN Gold's,Power BCAA,,0,2,0,0,37,0,0,0,24,14,0,1,0,0
114,PN Gold's,Power BCAA - Cola 1х*6ш*420гр,,4,0,13,0,0,0,0,0,12,0,0,0,0,0
115,PN Gold's,Power BCAA - Green apple 1х*6ш*420гр,,6,0,0,0,0,0,0,0,0,0,0,0,0,0
116,PN Gold's,Power BCAA - Watermelon 420g,,3,15,0,0,4,0,0,0,18,0,0,0,0,0
117,PN Gold's,Power Casein,,0,0,0,0,11,0,0,0,0,11,0,0,0,0
118,PN Gold's,Power Creatine 300гр,,3,1,7,0,21,0,0,0,40,0,0,0,0,0
119,PN Gold's,Power Mass,,0,0,12,0,5,0,0,0,9,8,0,0,0,0
120,PN Gold's,Power Mass - Chocolate 5kg,,2,8,4,0,2,0,0,0,10,0,0,0,0,0
121,PN Gold's,Power Mass - Vanilla 5kg,,0,0,1,0,0,0,0,0,0,0,0,0,0,0
122,PN Gold's,Power Testo 120caps,,5,0,34,0,16,0,0,0,36,0,0,0,0,0
123,PN Gold's,Power Whey - Chocolate 2250g,,3,0,6,0,1,0,0,0,6,0,0,0,0,0
124,PN Gold's,Power Whey - Strawberry 2250g,,0.017,0,0,0,0,0,0,0,0,0,0,0,0,0
125,PN Gold's,Power Whey - Vanilla 2250g,,1,0,8,0,6,0,0,0,16,0,0,0,0,0
126,PN Gold's,Power Whey 2250гр,,0,1,0,0,18,0,0,0,19,0,0,0,0,0
127,PN Gold's,Power boost - Lemon 1х*6ш*360гр,,0,0,6,0,0,0,0,0,0,0,0,0,0,0
128,PN Gold's,Power casein - Chocolate 900g,,1,11,0,0,0,0,0,0,12,0,0,0,0,0
129,PN Gold's,Power professional,,3,0,3,0,0,0,0,0,0,0,0,0,0,0
130,PN Gold's,Protein bar 15*55g Caramel peanuts,,64,83,0,0,141,0,0,0,210,0,0,1,0,0
131,PN Gold's,Protein bar 15*55g Choco caramel,,91,75,0,0,142,0,0,0,330,0,0,0,0,0
132,PN Gold's,Protein bar 15*55g Cookies cream,,59,150,19,0,125,0,0,0,315,0,0,0,0,0
133,PN Gold's,Protein bar cookie crunch,,55,0,0,0,478,0,250,0,414,0,0,7,0,360
134,PN Gold's,Protein bar crisp,,120,0,50,0,101,0,17,0,173,0,0,1,0,25
135,PN Gold's,Protein bar mixed,,46,0,0,0,194,0,125,0,0,0,0,0,0,264
136,PN Gold's,Protein bar nanosupps,,0,67,0,0,1129,0,0,0,1047,278,0,0,0,0
137,PN Gold's,Protein bar oatcake,,97,0,0,0,424,0,0,0,524,0,0,0,0,0
138,PN Gold's,Protein chips 7*40g sour cream&onion,,1,0,0,0,0,0,0,0,0,0,0,0,0,0
139,PN Gold's,Protein cream 400g Caramel,,34,4,0,0,23,0,0,0,63,0,0,0,0,0
140,PN Gold's,Protein cream 400g Chocolate hazelnut,,46,10,0,0,19,0,0,0,45,0,0,0,0,0
141,PN Gold's,Protein cream 400g Duo white chocolate-chocolate,,16,12,0,0,20,0,0,0,45,0,0,0,0,0
142,PN Gold's,Protein cream 400g White chocolate Hazelnut,,26,10,14,0,9,0,0,0,36,0,0,0,0,0
143,PN Gold's,Protein cream 400g peanut butter smooth,,5,15,0,0,15,0,0,0,54,0,0,0,0,0
144,PN Gold's,Protein cream 400гр,,0,5,18,0,163,0,0,0,158,40,0,0,0,0
145,PN Gold's,Protein snap,,160,24,0,0,313,0,0,0,500,0,0,0,0,0
146,PN Gold's,Protein wafer,,74,12,0,0,276,0,0,0,361,0,0,1,0,0
147,PN Gold's,Raw Intesity DRINK 330ml,,0,0,0,0,105,0,1,0,105,0,0,0,0,0
148,PN Gold's,Raw intensity Blackberry 400g,,15,0,3,0,12,0,9,0,0,0,0,0,0,26
149,PN Gold's,Raw intensity Fruit funch 400g,,7,0,6,0,11,0,0,0,24,0,0,0,0,0
150,PN Gold's,Red velvet,,0,0,0,0,8,0,0,0,0,0,0,0,0,10
151,PN Gold's,Salad,,0,0,0,0,313,0,10,0,0,0,0,0,0,320
152,PN Gold's,Shaker 600ml,,64,4,20,0,101,0,0,0,185,0,0,0,0,0
153,PN Gold's,Shaker 600ml /угсардаг нэмэлттэй/ таслагчтай,,15,0,0,0,115,0,0,0,116,0,0,0,0,0
154,PN Gold's,Sleep & Relax 450g,,1,0,2,0,0,0,0,0,0,0,0,0,0,0
155,PN Gold's,Snack 12*45g BlueBerry,,27,0,0,0,0,0,0,0,36,0,0,0,0,0
156,PN Gold's,Snack 12*45g Caramel,,14,0,0,0,0,0,0,0,24,0,0,0,0,0
157,PN Gold's,Snack 12*45g Chocolate,,39,0,0,0,0,0,0,0,36,0,0,0,0,0
158,PN Gold's,Snack 12*45g Double Chocolate,,16,0,0,0,0,0,0,0,24,0,0,0,0,0
159,PN Gold's,Snack 12*45g Peach,,10,14,0,0,0,0,0,0,24,0,0,0,0,0
160,PN Gold's,Snack 12*45g Vanilla,,12,0,0,0,0,0,0,0,24,0,0,0,0,0
161,PN Gold's,Sporica drink,,55,0,0,0,2850,0,0,0,0,0,0,5,0,2904
162,PN Gold's,Target energy drink,,225,0,0,0,3201,0,0,0,0,0,0,0,0,3427
163,PN Gold's,Test-x 150ш,,4,0,0,0,36,0,3,0,0,0,0,0,0,39
164,PN Gold's,Tomato soup 30g,,11,2,0,0,40,0,0,0,50,0,0,0,0,0
165,PN Gold's,Tribooster 60ш,,2,0,15,0,6,0,0,0,25,0,0,0,0,0
166,PN Gold's,Ultimate mass chocolate 2270g,,10,0,0,0,0,0,0,0,3,0,0,0,0,0
167,PN Gold's,Vitamin C 60ш,,0,1,4,0,26,0,0,0,10,0,0,0,0,0
168,PN Gold's,Vitamin D3 K2 /60ш/,,12,5,5,0,17,0,0,0,23,0,0,0,0,0
169,PN Gold's,Whey protein Powder 2270гр 3 төрөл,,33,0,52,0,98,0,21,0,96,0,0,0,0,111
170,PN Gold's,Whey protein Powder 908гр 2 төрөл,,6,0,0,0,0,0,0,0,7,0,0,0,0,0
171,PN Gold's,ZMA 60ш,,11,7,5,0,34,0,0,0,53,0,0,0,0,0
172,PN Gold's,Zero bar,,0,6,40,0,399,0,0,0,340,117,0,0,0,0
173,PN Gold's,Zero bar Banana 50g,,3,0,0,0,63,0,0,0,80,0,0,1,0,0
174,PN Gold's,Zero bar Chocolate 50g,,91,90,0,0,56,0,0,0,220,0,0,1,0,0
175,PN Gold's,Zero bar Hazelnut 50g,,36,62,0,0,58,0,0,0,160,0,0,0,0,0
176,PN Gold's,Zero bar caramel 50гр,,22,0,0,0,19,0,0,0,40,0,0,0,0,0
177,PN Gold's,Zinc 60ш,,2,0,5,0,11,0,0,0,11,0,0,0,0,0
178,PN Gold's,Архыз Вита 0.5л,,0,0,0,0,0,0,0,0,0,0,0,0,0,32
179,PN Gold's,Банана 1ш,,0,0,0,0,1317,0,8,0,0,0,0,0,0,1301
180,PN Gold's,Бүхэл үрийн талхтай сэндвич,,0,0,0,0,2,0,2,0,0,0,0,0,0,4
181,PN Gold's,Елма махиста 20гр,,9,0,0,0,1,0,0,0,0,0,0,0,0,10
182,PN Gold's,Елма №10,,49,0,0,0,29,0,0,0,0,0,0,0,0,80
183,PN Gold's,Елма №2,,176,0,0,0,18,0,0,0,0,0,0,0,0,200
184,PN Gold's,Ессентуки Рашаан,,69,0,0,0,771,0,0,0,0,0,0,0,0,840
185,PN Gold's,Жигнэмэг,,0,0,0,0,6,0,0,0,0,0,0,0,0,6
186,PN Gold's,Тахиан махтай хоол,,6,0,0,0,1570,0,33,0,0,0,0,1,0,1467
187,PN Gold's,Ундаа Amino 330ml Lemon soda,,590,24,0,0,0,0,0,0,528,0,0,0,0,0
188,PN Gold's,Ундаа Amino 330ml Passion fruit,,626,91,0,0,1924,0,0,0,2254,0,0,2,0,0
189,PN Gold's,Ундаа Amino 330ml Raspberry,,97,26,0,0,451,0,0,0,760,0,0,0,0,0
190,PN Gold's,Ундаа Amino 330ml Super pear,,0,28,0,0,653,0,0,0,820,0,0,2,0,0
191,PN Gold's,Ундаа Amino 330ml Waikiki,,88,49,0,0,283,0,0,0,513,0,0,1,0,0
192,PN Gold's,Ундаа Amino 330ml Watermelon,,0,0,0,0,1,0,0,0,0,0,0,0,0,0
193,PN Gold's,Ундаа Collagen vibe 330ml Mojito,,0,5,0,0,119,0,0,0,96,0,0,0,0,0
194,PN Gold's,Ундаа Collagen vibe 330ml Passion fruit,,0,231,0,0,45,0,0,0,336,0,0,0,0,0
195,PN Gold's,Ундаа Collagen vibe 330ml Pineapple coconut,,287,144,0,0,1179,0,0,0,1656,0,0,3,0,0
196,PN Gold's,Хужирт 0.33л бөмбөлөгтэй,,15,0,0,0,1225,0,0,0,0,0,0,0,0,1240
197,PN Gold's,Хужирт 0.5л,,307,0,0,0,2582,0,0,0,0,0,0,1,0,2916
198,PN Gold's,Хужирт 0.6л бөмбөлөгтэй,,26,0,0,0,1100,0,0,0,0,0,0,0,0,1126
199,PN Gold's,Хужирт 1.5л,,181,0,0,0,2731,0,0,0,0,0,0,2,0,2916
200,PN Gold's,Үхрийн махтай хоол,,0,0,0,0,1184,0,12,0,0,0,0,0,0,1344
201,PN Gold's,Өндөг 1ш,,0,0,0,0,1674,0,55,0,0,0,0,1,0,1724
202,PN Store,After 420g,,1,6,0,0,28,0,0,0,30,0,0,2,0,0
203,PN Store,Amino Liquid currant 1л шилтэй,,1,1,12,0,21,0,8,0,18,0,0,1,0,27
204,PN Store,Amino vibe 330мл,,0,0,0,0,0,0,0,0,0,125,0,0,0,0
205,PN Store,Anuxai Shaker 500ml+150,,0,0,300,0,0,0,0,0,0,0,0,0,0,0
206,PN Store,Arthro forte 340g blackcurrent,,14,9,0,0,2,0,0,0,0,0,15,1,0,0
207,PN Store,BCAA Powder 420гр,,0,0,5,0,12,0,0,0,0,0,0,0,0,18
208,PN Store,Bedford 2,,0,3,5,0,4,0,0,0,10,0,0,0,0,0
209,PN Store,Bedford 5,,0,0,1,0,10,0,0,0,10,0,0,0,0,0
210,PN Store,Bedford 7,,0,1,0,0,1,0,0,0,7,0,0,0,0,0
211,PN Store,Bedford 8,,0,1,0,0,5,0,0,0,7,0,0,0,0,0
212,PN Store,Black Blood NOX+ 340g,,1,5,8,0,6,0,0,0,20,0,0,0,0,0
213,PN Store,Black Test 90 caps,,0,2,5,0,31,0,0,0,38,0,0,0,0,0
214,PN Store,Black blood NOX+ 20g,,7,79,131,0,94,0,0,0,295,0,0,0,0,0
215,PN Store,Cheese soup 30g,,10,10,12,0,17,0,0,0,50,0,0,0,0,0
216,PN Store,Club mate 330мл,,1674,196,0,0,12,0,0,0,1728,0,20,0,0,0
217,PN Store,Club mate 500мл,,6347,925,160,0,74,0,0,0,7280,0,301,0,0,0
218,PN Store,Collagen vibe 330мл,,356,1626,1044,0,1820,0,0,0,4656,238,189,48,0,0
219,PN Store,Crush Bar,,160,62,170,0,339,0,0,0,595,139,13,10,0,0
220,PN Store,Crush Bar - Chocolate 64g,,695,111,109,0,9,0,0,0,900,0,32,0,0,0
221,PN Store,Crush Bar - Cookiescream 64g,,673,141,108,0,12,0,0,0,936,0,36,0,0,0
222,PN Store,Crush Bar - Toffee coconut 64g,,710,145,72,0,10,0,0,0,900,0,24,0,0,0
223,PN Store,EAA Zero 350g Lemon,,47,55,17,0,43,0,0,0,150,0,5,1,0,0
224,PN Store,EAA Zero 350g blue grape,,67,45,15,0,35,0,0,0,150,0,7,0,0,0
225,PN Store,EAA Zero 350гр,,0,39,19,0,78,0,0,0,90,40,7,1,0,0
226,PN Store,Energy Gel ,,0,23,0,0,1,0,0,0,0,16,0,0,0,0
227,PN Store,Energy Gel 60g Peach,,95,93,24,0,5,0,0,0,190,0,36,0,0,0
228,PN Store,Energy Gel 60g Professional Lemon,,0,117,0,0,4,0,0,0,120,0,0,0,0,0
229,PN Store,Energy Gel 60g Professional Orange,,130,200,0,0,10,0,0,0,120,0,11,0,0,0
230,PN Store,Energy Gel Professional,,24,146,0,0,4,0,0,0,0,155,24,0,0,0
231,PN Store,Energy gel 60g Orange,,89,4,48,0,0,0,0,0,96,0,42,0,0,0
232,PN Store,FAT-X 60 tbl,,0,3,5,0,10,0,0,0,17,0,0,1,0,0
233,PN Store,Glucosamine 60caps,,25,56,23,0,34,0,0,0,105,0,1,0,0,0
234,PN Store,"Hair, Skin & Nails 54 caps",,0,5,5,0,16,0,0,0,26,0,0,0,0,0
235,PN Store,Hyper Mass - Caramel cappuchino 1kg,,56,10,10,0,4,0,0,0,30,0,3,0,0,0
236,PN Store,Hyper Mass - Chocolate 1kg,,56,35,6,0,33,0,0,0,135,0,3,0,0,0
237,PN Store,Hyper Mass - Vanilla 1kg,,93,45,25,0,34,0,0,0,133,0,5,0,0,0
238,PN Store,Hyper Mass 1000гр,,0,67,42,1,117,1,0,0,179,48,0,2,0,0
239,PN Store,Hyper mass sample,,0,39,42,0,195,0,0,0,240,38,0,0,0,0
240,PN Store,Hyper mass sample 65g chocolate,,0,9,5,0,22,0,0,0,40,0,0,1,0,0
241,PN Store,Hyper mass sample 65g vanilla,,1,39,0,0,42,0,0,0,80,0,0,0,0,0
242,PN Store,ISO Whey 2270g Black,,0,6,0,0,0,0,0,0,6,0,0,0,0,0
243,PN Store,ISO Whey 500g - Banana,,143,43,11,0,33,0,0,0,232,0,0,0,0,0
244,PN Store,ISO Whey 500g - Chocolate,,78,56,0,0,12,0,0,0,147,0,0,0,0,0
245,PN Store,ISO Whey 500g - Coconut,,50,58,11,0,11,0,0,0,131,0,1,0,0,0
246,PN Store,ISO Whey 500g - Cookies,,60,16,2,0,3,0,0,0,83,0,1,0,0,0
247,PN Store,ISO Whey 500g - Hazelnut,,78,60,18,0,47,0,0,0,213,0,2,0,0,0
248,PN Store,ISO Whey 500g - Pineapple mango,,63,19,0,0,0,0,0,0,80,0,1,0,0,0
249,PN Store,ISO Whey 500g - Raspberry,,95,23,20,0,45,0,0,0,191,0,0,0,0,0
250,PN Store,ISO Whey 500g - Strawberry,,45,38,10,0,38,0,0,0,130,0,0,0,0,0
251,PN Store,ISO Whey 500g - Tiramisu,,68,21,1,0,5,0,0,0,91,0,0,0,0,0
252,PN Store,ISO Whey 500g - Vanilla,,41,45,11,0,35,0,0,0,130,0,1,0,0,0
253,PN Store,ISO Whey 500g - White chocolate,,92,74,16,0,41,0,0,0,232,0,0,0,0,0
254,PN Store,ISO Whey 500гр,,0,318,70,1,422,0,0,0,725,90,10,2,0,0
255,PN Store,ISO Whey sample,,0,116,49,0,708,0,0,0,572,404,0,0,0,0
256,PN Store,ISO Whey sample - Bananas 25g,,49,119,0,0,75,0,0,0,200,0,46,1,0,0
257,PN Store,ISO Whey sample - Chocolate 25g,,55,28,65,0,18,0,0,0,150,0,16,0,0,0
258,PN Store,ISO Whey sample - Hazelnut 25g,,0,74,51,0,83,0,0,0,200,0,0,0,0,0
259,PN Store,ISO Whey sample - Pineapple 25g,,44,77,0,0,0,0,0,0,100,0,23,0,0,0
260,PN Store,ISO Whey sample - Raspberry 25g,,0,50,0,0,0,0,0,0,50,0,0,0,0,0
261,PN Store,ISO Whey sample - Strawberry 25g,,42,116,61,0,37,0,0,0,250,0,0,0,0,0
262,PN Store,ISO Whey sample - Vanilla 25g,,0,87,11,0,46,0,0,0,150,0,0,0,0,0
263,PN Store,ISO Whey sample - White chocolate 25g,,0,100,1,0,43,0,0,0,150,0,0,0,0,0
264,PN Store,ISO Whey sample - coconut 25g,,0,81,5,0,9,0,0,0,100,0,0,0,0,0
265,PN Store,ISO Whey sample - tiramisu 25g,,3,28,0,0,8,0,0,0,50,0,0,0,0,0
266,PN Store,Ice cream 500g chocolate,,18,17,0,0,8,0,0,0,30,0,3,0,0,0
267,PN Store,Ice cream 500g strawberry,,23,7,0,0,5,0,0,0,30,0,0,0,0,0
268,PN Store,Ice cream powder 500гр,,0,1,0,0,3,0,0,0,0,5,0,0,0,0
269,PN Store,Jack's BCAA 300g,,0,0,6,0,19,0,5,0,6,0,0,0,0,24
270,PN Store,Jack's WPC 1000g,,38,0,24,0,59,0,56,0,22,0,2,2,0,152
271,PN Store,Jack's amino 300g,,0,1,0,0,34,0,0,0,0,0,0,0,0,34
272,PN Store,Jack's book,,0,0,3,0,9,0,13,0,0,0,0,0,0,25
273,PN Store,Jack's prework out,,2,1,0,0,39,0,1,0,0,0,2,0,0,42
274,PN Store,Jack's shaker,,78,0,0,0,71,0,0,0,0,0,0,0,0,153
275,PN Store,L-Carnitine 100.000,,19,33,145,0,148,0,0,0,63,256,40,4,0,0
276,PN Store,L-Carnitine 100.000 - Apple 500ml,,43,120,25,0,23,0,0,0,210,0,4,0,0,0
277,PN Store,L-Carnitine 100.000 - Cherry 500ml,,47,147,25,0,10,0,0,0,222,0,2,0,0,0
278,PN Store,L-Carnitine drink 500ml Apple peach,,104,120,12,0,1,0,0,0,168,0,0,0,0,0
279,PN Store,L-Carnitine drink 500ml- Strawberry kiwi,,147,89,12,0,0,0,0,0,179,0,7,0,0,0
280,PN Store,L-Carnitine powder 300g,,314,82,115,0,808,0,0,0,1275,0,60,7,0,0
281,PN Store,L-Carnitine shot,,513,202,393,0,136,0,0,0,1130,0,20,3,0,0
282,PN Store,L-Glutamine 240гр,,33,76,16,0,50,0,0,0,162,0,4,1,0,0
283,PN Store,MSM+ Vitamin C 150g,,66,88,8,0,51,0,0,0,112,0,13,2,0,0
284,PN Store,Magna shot 25ml,,410,96,66,0,68,0,0,0,480,0,160,0,0,0
285,PN Store,Mass gain 2000g,,0,0,4,0,1,0,0,0,0,0,0,0,0,10
286,PN Store,Mineral Plex 1000мл шилтэй,,7,0,9,0,43,0,0,0,25,0,0,0,0,36
287,PN Store,Mission 210g,,0,4,10,0,4,0,0,0,18,0,0,0,0,0
288,PN Store,Multivitamin  90ш,,66,89,12,0,166,0,0,0,335,0,21,1,0,0
289,PN Store,Nitrox - Blue grape 680g,,77,25,17,0,20,0,0,0,95,0,5,0,0,0
290,PN Store,Nitrox - Cranberry 680гр,,74,26,13,0,14,0,0,0,94,0,0,0,0,0
291,PN Store,Nitrox - Peach 680гр,,67,6,33,0,14,0,0,0,93,0,0,0,0,0
292,PN Store,Nitrox - Tropical 680гр,,74,8,8,0,13,0,0,0,90,0,0,0,0,0
293,PN Store,Nitrox 680гр,,0,47,49,0,137,0,0,0,214,19,3,3,0,0
294,PN Store,Nitrox sample,,20,100,92,1,211,0,0,0,315,116,20,2,0,0
295,PN Store,Nitrox sample - Blue grape 17g,,151,97,0,0,1,0,0,0,200,0,41,0,0,0
296,PN Store,Nitrox sample - Cranberry 17g,,18,162,100,0,13,0,0,0,336,0,0,0,0,0
297,PN Store,Nitrox sample - Peach 17g,,0,0,50,0,0,0,0,0,64,0,0,0,0,0
298,PN Store,Nitrox sample - Tropical 17g,,34,209,50,0,15,0,0,0,254,0,14,0,0,0
299,PN Store,Oatmeal 1000гр,,5,57,36,0,39,0,0,0,20,82,33,0,0,0
300,PN Store,Oatmeal 1kg apple&banana,,21,69,21,0,24,0,0,0,130,0,8,0,0,0
301,PN Store,Oatmeal 1kg chocolate,,15,65,22,0,27,0,0,0,130,0,7,0,0,0
302,PN Store,Omega 3 /90ш/,,59,167,29,1,257,0,0,0,520,0,21,1,0,0
303,PN Store,Peanut butter 400g crunchy Biotech,,56,65,15,0,68,0,0,0,210,0,2,0,0,0
304,PN Store,Peanut butter 400g smooth Biotech,,1,28,0,0,2,0,0,0,30,0,1,0,0,0
305,PN Store,Peanut butter 400гр,,6,36,13,0,72,0,0,0,60,55,7,4,0,0
306,PN Store,Power Amino,,295,85,49,0,205,0,0,0,521,0,17,6,0,0
307,PN Store,Power BCAA,,0,55,26,0,207,0,0,0,252,46,0,1,0,0
308,PN Store,Power BCAA - Cola 1х*6ш*420гр,,159,8,12,0,11,0,0,0,20,0,6,0,0,0
309,PN Store,Power BCAA - Green apple 1х*6ш*420гр,,83,1,0,0,0,0,0,0,39,0,1,0,0,0
310,PN Store,Power BCAA - Watermelon 420g,,92,67,3,0,53,0,0,0,149,0,1,0,0,0
311,PN Store,Power Casein,,0,47,107,1,317,0,0,0,396,76,4,5,0,0
312,PN Store,Power Creatine 300гр,,79,29,19,0,202,0,0,0,302,0,3,1,0,36
313,PN Store,Power Mass,,0,10,20,0,124,0,0,0,119,46,2,0,0,0
314,PN Store,Power Mass - Chocolate 5kg,,72,49,7,0,25,0,0,0,150,0,2,0,0,0
315,PN Store,Power Mass - Vanilla 5kg,,109,6,0,0,0,0,0,0,93,0,3,0,0,0
316,PN Store,Power Testo 120caps,,187,28,14,0,465,0,0,0,532,0,17,4,0,0
317,PN Store,Power Whey - Chocolate 2250g,,172,11,15,0,81,0,0,0,246,0,1,1,0,10
318,PN Store,Power Whey - Strawberry 2250g,,1,0,0,0,0,0,0,0,0,0,0,0,0,0
319,PN Store,Power Whey - Vanilla 2250g,,92,7,27,0,87,0,0,0,219,0,0,3,0,0
320,PN Store,Power Whey 2250гр,,0,41,34,0,426,0,0,0,526,0,0,7,0,2
321,PN Store,Power boost - Lemon 1х*6ш*360гр,,52,2,0,0,1,0,0,0,6,0,3,0,0,0
322,PN Store,Power casein - Chocolate 900g,,9,82,7,0,39,0,0,0,137,0,1,0,0,0
323,PN Store,Power professional,,164,84,0,0,0,0,0,0,231,0,28,0,0,0
324,PN Store,Protan DIY,,40,2,0,0,0,0,0,0,0,0,0,0,0,0
325,PN Store,Protein bar 15*55g Caramel peanuts,,1007,196,106,0,137,0,0,0,1394,0,108,0,0,0
326,PN Store,Protein bar 15*55g Choco caramel,,1280,323,200,0,283,0,0,0,2370,0,63,0,0,0
327,PN Store,Protein bar 15*55g Cookies cream,,929,605,138,0,163,0,0,0,1789,0,80,0,0,0
328,PN Store,Protein bar cookie crunch,,0,47,18,0,148,0,71,0,0,0,0,0,0,288
329,PN Store,Protein bar crisp,,5,0,0,0,0,0,45,0,50,0,0,0,0,0
330,PN Store,Protein bar nanosupps,,45,617,709,0,940,0,0,0,1725,355,20,5,0,0
331,PN Store,Protein bar oatcake,,0,0,0,0,1,0,0,0,0,0,0,0,0,0
332,PN Store,Protein chips 7*40g Barbeque,,51,53,0,0,19,0,0,0,147,0,2,0,0,0
333,PN Store,Protein chips 7*40g sour cream&onion,,52,79,0,0,10,0,0,0,147,0,5,0,0,0
334,PN Store,Protein cream 400g Caramel,,79,87,16,0,40,0,0,0,216,0,13,0,0,0
335,PN Store,Protein cream 400g Chocolate hazelnut,,103,79,9,0,41,0,0,0,216,0,17,0,0,0
336,PN Store,Protein cream 400g Duo white chocolate-chocolate,,50,63,6,0,31,0,0,0,144,0,4,0,0,0
337,PN Store,Protein cream 400g White chocolate Hazelnut,,65,178,12,0,7,0,0,0,194,0,29,0,0,0
338,PN Store,Protein cream 400g peanut butter smooth,,135,56,8,0,49,0,0,0,225,0,13,1,0,0
339,PN Store,Protein cream 400гр,,53,201,107,2,461,0,0,0,640,155,28,7,0,0
340,PN Store,Protein snap,,387,441,222,0,341,0,0,0,1290,0,137,13,0,0
341,PN Store,Protein wafer,,162,318,83,0,149,0,0,0,696,0,22,0,0,0
342,PN Store,Pump caffeine free 330g,,0,2,0,0,1,0,0,0,0,0,0,0,0,0
343,PN Store,Pump caffeine free sample,,5,36,0,0,10,0,0,0,50,0,0,0,0,0
344,PN Store,Raw intensity Blackberry 400g,,0,0,2,0,1,0,0,0,3,0,0,0,0,0
345,PN Store,Raw intensity Fruit funch 400g,,1,0,0,0,5,0,0,0,6,0,0,0,0,0
346,PN Store,Shaker 600ml,,219,126,121,2,212,0,0,0,557,0,23,1,0,0
347,PN Store,Shaker 600ml /угсардаг нэмэлттэй/ таслагчтай,,166,36,38,0,151,0,0,0,291,0,9,4,0,0
348,PN Store,Sleep & Relax 450g,,54,57,0,0,0,0,0,0,2,0,34,0,0,0
349,PN Store,Snack 12*45g BlueBerry,,46,50,12,0,0,0,0,0,95,0,12,0,0,0
350,PN Store,Snack 12*45g Caramel,,52,56,0,0,0,0,0,0,96,0,12,0,0,0
351,PN Store,Snack 12*45g Chocolate,,67,38,12,0,0,0,0,0,96,0,22,0,0,0
352,PN Store,Snack 12*45g Double Chocolate,,36,46,0,0,0,0,0,0,96,0,0,0,0,0
353,PN Store,Snack 12*45g Peach,,78,61,0,0,0,0,0,0,96,0,31,0,0,0
354,PN Store,Snack 12*45g Vanilla,,73,30,0,0,0,0,0,0,84,0,23,0,0,0
355,PN Store,Test-x 150ш,,0,0,21,0,2,0,0,0,0,0,0,0,0,24
356,PN Store,Tomato soup 30g,,5,19,6,0,18,0,0,0,50,0,0,0,0,0
357,PN Store,Tribooster 60ш,,53,18,3,0,59,0,0,0,70,0,0,0,0,0
358,PN Store,Ultimate mass chocolate 2270g,,0,0,0,0,5,0,0,0,0,0,0,0,0,0
359,PN Store,Vitamin C 60ш,,63,121,13,0,45,0,0,0,4,0,34,1,0,0
360,PN Store,Vitamin D3 K2 /60ш/,,86,150,155,0,164,0,0,0,386,0,35,1,0,0
361,PN Store,Whey protein Powder 2270гр 3 төрөл,,1,0,16,0,32,0,17,0,35,0,0,1,0,30
362,PN Store,ZMA 60ш,,96,161,61,0,235,0,0,0,365,0,36,2,0,0
363,PN Store,Zero bar,,260,205,155,0,500,0,0,0,840,210,80,0,0,0
364,PN Store,Zero bar Banana 50g,,94,140,60,0,47,0,0,0,340,0,0,0,0,0
365,PN Store,Zero bar Chocolate 50g,,1243,184,60,0,36,0,0,0,1240,0,47,0,0,0
366,PN Store,Zero bar Hazelnut 50g,,940,188,80,0,39,0,0,0,1420,0,93,0,0,0
367,PN Store,Zero bar caramel 50гр,,139,30,20,0,37,0,0,0,240,0,0,0,0,0
368,PN Store,Zinc 60ш,,88,43,14,0,27,0,0,0,5,0,36,0,0,0
369,PN Store,Ундаа Amino 330ml Lemon soda,,5433,2682,288,0,1,0,0,0,7012,0,1267,0,0,0
370,PN Store,Ундаа Amino 330ml Passion fruit,,7501,1579,189,0,262,0,0,0,8826,0,264,3,0,0
371,PN Store,Ундаа Amino 330ml Pink berry,,0,0,0,0,0,0,0,0,0,0,3,0,0,0
372,PN Store,Ундаа Amino 330ml Raspberry,,7491,1170,146,0,55,0,0,0,8488,0,135,0,0,0
373,PN Store,Ундаа Amino 330ml Super pear,,5760,1640,203,0,240,0,0,0,7191,0,459,11,0,0
374,PN Store,Ундаа Amino 330ml Waikiki,,9402,1352,355,0,137,0,0,0,9741,0,626,0,0,0
375,PN Store,Ундаа Amino 330ml Watermelon,,161,76,0,0,0,0,0,0,0,0,238,0,0,0
376,PN Store,Ундаа Amino 330ml cucumber lime,,8,219,0,0,0,0,0,0,0,0,176,0,0,0
377,PN Store,Ундаа Collagen vibe 330ml Mojito,,4519,1462,228,0,73,0,0,0,5398,0,215,0,0,0
378,PN Store,Ундаа Collagen vibe 330ml Passion fruit,,4794,1083,72,0,155,0,0,0,5424,0,109,0,0,0
379,PN Store,Ундаа Collagen vibe 330ml Pineapple coconut,,4630,1269,177,0,212,0,0,0,5589,0,148,2,0,0
380,PN Store,Хүргэлтийн төлбөр,,0,0,0,0,941,1,0,0,0,5000,0,16,0,0
381,PN Store,Хөргөгч Amino vibe босоо шилэн нүүртэй,,0,0,0,0,0,0,0,0,0,0,0,0,0,0
382,PN Store,Хөргөгч Amino vibe дугуй,,0,0,0,0,0,0,0,0,0,0,0,0,0,0
383,Агуулах,After 420g,,0,0,30,0,0,0,0,0,0,0,0,0,30,0
384,Агуулах,Amino Liquid currant 1л шилтэй,,826,0,81,0,0,0,0,0,0,0,0,0,826,81
385,Агуулах,Anuxai Shaker 500ml+150,,500,0,0,0,0,0,0,0,0,0,0,0,300,0
386,Агуулах,BCAA Powder 420гр,,604,0,126,0,0,0,0,0,90,0,0,0,592,48
387,Агуулах,Black Blood NOX+ 340g,,3,0,20,0,0,0,0,0,3,0,0,0,20,0
388,Агуулах,Black Test 90 caps,,0,0,36,0,0,0,0,0,0,0,0,0,36,0
389,Агуулах,Black blood NOX+ 20g,,0,0,406,0,0,0,0,0,111,0,0,0,300,0
390,Агуулах,Cheese soup 30g,,0,0,100,0,0,0,0,0,0,0,0,0,100,0
391,Агуулах,Club mate 330мл,,2605,52,6946,0,0,0,0,0,0,0,1068,0,10560,0
392,Агуулах,Club mate 330мл Cola,,0,12,0,0,0,0,0,0,0,0,0,0,12,0
393,Агуулах,Club mate 500мл,,6839,1800,10680,0,0,0,0,0,20,0,940,0,19200,0
394,Агуулах,Club mate 500мл zero,,0,24,0,0,0,0,0,0,0,0,0,0,24,0
395,Агуулах,Collagen vibe 330мл,,26829,3651,9504,0,0,0,0,0,1044,38573,380,0,0,0
396,Агуулах,Cookies 128g,,0,0,0,0,0,0,0,0,0,0,0,0,2,0
397,Агуулах,Creatine Beta Alanine 420g,,172,0,0,0,0,0,0,0,52,0,0,0,120,0
398,Агуулах,Crush Bar,,517,29,979,0,0,0,0,0,133,336,0,0,1056,0
399,Агуулах,Crush Bar - Chocolate 64g,,61,108,1176,0,0,0,0,0,13,0,0,0,1344,0
400,Агуулах,Crush Bar - Cookiescream 64g,,60,108,1212,0,0,0,0,0,12,0,0,0,1344,0
401,Агуулах,Crush Bar - Toffee coconut 64g,,60,120,1176,0,0,0,0,0,0,0,0,0,1368,0
402,Агуулах,EAA Zero 350g Lemon,,0,0,160,0,0,0,0,0,0,0,0,0,160,0
403,Агуулах,EAA Zero 350g blue grape,,15,0,170,0,0,0,0,0,5,0,0,0,180,0
404,Агуулах,EAA Zero 350гр,,24,0,109,0,0,0,0,0,109,0,2,0,24,0
405,Агуулах,Energy Gel 60g Peach,,0,0,190,0,0,0,0,0,0,0,0,0,190,0
406,Агуулах,Energy Gel 60g Professional Lemon,,0,0,120,0,0,0,0,0,0,0,0,0,120,0
407,Агуулах,Energy Gel 60g Professional Orange,,0,0,120,0,0,0,0,0,0,0,0,0,120,0
408,Агуулах,Energy gel 60g Orange,,0,0,96,0,0,0,0,0,0,0,0,0,96,0
409,Агуулах,FAT-X 60 tbl,,0,0,14,0,0,0,0,0,0,0,0,0,24,0
410,Агуулах,Fitness cream 200ml,,1222,0,2,0,0,0,0,0,0,0,0,0,1224,0
411,Агуулах,Glucosamine 60caps,,11,0,120,0,0,0,0,0,83,0,1,0,48,0
412,Агуулах,"Hair, Skin & Nails 54 caps",,0,0,24,0,0,0,0,0,0,0,0,0,24,0
413,Агуулах,Hyper Mass - Caramel cappuchino 1kg,,0,0,30,0,0,0,0,0,0,0,0,0,0,0
414,Агуулах,Hyper Mass - Chocolate 1kg,,8,17,145,0,0,0,0,0,0,0,0,0,150,0
415,Агуулах,Hyper Mass - Vanilla 1kg,,39,20,151,0,0,0,0,0,0,0,0,0,130,0
416,Агуулах,Hyper Mass 1000гр,,28,0,257,0,0,0,0,0,28,37,0,0,220,0
417,Агуулах,Hyper mass sample,,0,0,720,0,0,0,0,0,0,280,0,0,440,0
418,Агуулах,Hyper mass sample 65g chocolate,,0,160,560,0,0,0,0,0,0,0,0,0,760,0
419,Агуулах,Hyper mass sample 65g vanilla,,0,120,570,0,0,0,0,0,0,0,0,0,730,0
420,Агуулах,ISO Whey 2270g Black,,0,0,6,0,0,0,0,0,6,0,0,0,0,0
421,Агуулах,ISO Whey 500g - Banana,,19,31,260,0,0,0,0,0,0,0,0,0,310,0
422,Агуулах,ISO Whey 500g - Chocolate,,43,2,165,0,0,0,0,0,0,0,0,0,210,0
423,Агуулах,ISO Whey 500g - Coconut,,2,18,140,0,0,0,0,0,0,0,0,0,160,0
424,Агуулах,ISO Whey 500g - Cookies,,1,1,108,0,0,0,0,0,0,0,0,0,110,0
425,Агуулах,ISO Whey 500g - Hazelnut,,7,0,213,0,0,0,0,0,0,0,0,0,220,0
426,Агуулах,ISO Whey 500g - Pineapple mango,,0,0,100,0,0,0,0,0,0,0,0,0,100,0
427,Агуулах,ISO Whey 500g - Raspberry,,12,0,208,0,0,0,0,0,0,0,0,0,220,0
428,Агуулах,ISO Whey 500g - Strawberry,,11,9,130,0,0,0,0,0,0,0,0,0,150,0
429,Агуулах,ISO Whey 500g - Tiramisu,,0,0,100,0,0,0,0,0,0,0,0,0,100,0
430,Агуулах,ISO Whey 500g - Vanilla,,23,17,140,0,0,0,0,0,0,0,0,0,180,0
431,Агуулах,ISO Whey 500g - White chocolate,,8,0,232,0,0,0,0,0,0,0,0,0,240,0
432,Агуулах,ISO Whey 500гр,,274,1,840,0,0,0,0,0,69,77,9,0,960,0
433,Агуулах,ISO Whey sample,,172,0,972,0,0,0,0,0,14,780,0,0,300,0
434,Агуулах,ISO Whey sample - Bananas 25g,,0,50,350,0,0,0,0,0,0,0,0,0,450,0
435,Агуулах,ISO Whey sample - Chocolate 25g,,20,80,350,0,0,0,0,0,0,0,0,0,450,0
436,Агуулах,ISO Whey sample - Cookies 25g,,0,0,250,0,0,0,0,0,0,0,0,0,250,0
437,Агуулах,ISO Whey sample - Hazelnut 25g,,1,150,300,0,0,0,0,0,1,0,0,0,450,0
438,Агуулах,ISO Whey sample - Pineapple 25g,,0,50,200,0,0,0,0,0,0,0,0,0,250,0
439,Агуулах,ISO Whey sample - Raspberry 25g,,0,50,400,0,0,0,0,0,0,0,0,0,450,0
440,Агуулах,ISO Whey sample - Strawberry 25g,,1,50,400,0,0,0,0,0,1,0,0,0,450,0
441,Агуулах,ISO Whey sample - Vanilla 25g,,1,100,350,0,0,0,0,0,1,0,0,0,450,0
442,Агуулах,ISO Whey sample - White chocolate 25g,,1,200,250,0,0,0,0,0,1,0,0,0,450,0
443,Агуулах,ISO Whey sample - coconut 25g,,0,50,200,0,0,0,0,0,0,0,0,0,250,0
444,Агуулах,ISO Whey sample - tiramisu 25g,,0,0,250,0,0,0,0,0,0,0,0,0,250,0
445,Агуулах,Ice cream 500g chocolate,,0,0,30,0,0,0,0,0,0,0,0,0,30,0
446,Агуулах,Ice cream 500g strawberry,,0,0,30,0,0,0,0,0,0,0,0,0,30,0
447,Агуулах,Jack's BCAA 300g,,825,0,0,0,0,0,0,0,0,0,0,0,825,0
448,Агуулах,Jack's WPC 1000g,,990,0,0,0,0,0,0,0,0,0,0,0,1390,0
449,Агуулах,Jack's amino 300g,,1099,0,0,0,0,0,0,0,0,0,0,0,1099,0
450,Агуулах,Jack's prework out,,708,0,0,0,0,0,0,0,0,0,0,0,700,0
451,Агуулах,Jack's shaker,,544,0,0,0,0,0,0,0,0,0,0,0,544,0
452,Агуулах,L-Carnitine 100.000,,105,0,133,0,0,0,0,0,142,0,0,0,96,0
453,Агуулах,L-Carnitine 100.000 - Apple 500ml,,18,0,222,0,0,0,0,0,0,0,0,0,240,0
454,Агуулах,L-Carnitine 100.000 - Cherry 500ml,,18,0,234,0,0,0,0,0,0,0,0,0,252,0
455,Агуулах,L-Carnitine drink 500ml Apple peach,,24,0,216,0,0,0,0,0,0,0,0,0,240,0
456,Агуулах,L-Carnitine drink 500ml- Strawberry kiwi,,0,0,239,0,0,0,0,0,0,0,0,0,240,0
457,Агуулах,L-Carnitine powder 300g,,170,1,1322,0,0,0,0,0,56,0,0,0,1440,0
458,Агуулах,L-Carnitine shot,,213,0,1360,0,0,0,0,0,193,0,0,0,1380,0
459,Агуулах,L-Glutamine 240гр,,14,0,170,0,0,0,0,0,44,0,0,0,140,0
460,Агуулах,Lipodex 120ш,,86,0,6,0,0,0,0,0,0,0,0,0,86,6
461,Агуулах,MSM+ Vitamin C 150g,,8,0,120,0,0,0,0,0,80,0,0,0,48,0
462,Агуулах,Magna shot 25ml,,0,0,600,0,0,0,0,0,0,0,0,0,600,0
463,Агуулах,Mass gain 2000g,,62,0,0,0,0,0,0,0,0,0,0,0,62,0
464,Агуулах,Mineral Plex 1000мл шилтэй,,1269,0,132,0,0,0,0,0,584,0,0,0,1197,120
465,Агуулах,Mission 210g,,0,0,18,0,0,0,0,0,0,0,0,0,18,0
466,Агуулах,Multivitamin  90ш,,14,0,413,0,0,0,0,0,7,0,0,0,420,0
467,Агуулах,Nitrox - Blue grape 680g,,6,0,113,0,0,0,0,0,0,0,0,0,120,0
468,Агуулах,Nitrox - Cranberry 680гр,,12,0,112,0,0,0,0,0,0,0,0,0,126,0
469,Агуулах,Nitrox - Peach 680гр,,6,0,105,0,0,0,0,0,0,0,0,0,108,0
470,Агуулах,Nitrox - Tropical 680гр,,12,0,108,0,0,0,0,0,0,0,0,0,120,0
471,Агуулах,Nitrox 680гр,,84,0,319,5,0,0,0,0,37,0,11,0,360,0
472,Агуулах,Nitrox sample,,40,0,800,0,0,0,0,0,10,160,0,0,800,0
473,Агуулах,Nitrox sample - Blue grape 17g,,20,30,490,0,0,0,0,0,0,0,0,0,539,0
474,Агуулах,Nitrox sample - Cranberry 17g,,0,0,521,0,0,0,0,0,0,0,0,0,550,0
475,Агуулах,Nitrox sample - Peach 17g,,0,0,314,0,0,0,0,0,0,0,0,0,350,0
476,Агуулах,Nitrox sample - Tropical 17g,,0,1,404,0,0,0,0,0,0,0,0,0,442,0
477,Агуулах,Oatmeal 1000гр,,11,0,25,0,0,0,0,0,36,0,0,0,0,0
478,Агуулах,Oatmeal 1kg apple&banana,,12,0,145,0,0,0,0,0,7,0,0,0,150,0
479,Агуулах,Oatmeal 1kg chocolate,,12,0,145,0,0,0,0,0,7,0,0,0,150,0
480,Агуулах,Omega 3 /90ш/,,32,0,588,0,0,0,0,0,20,0,0,0,600,0
481,Агуулах,Other All stars,,41,0,0,0,0,0,0,0,0,0,0,0,41,0
482,Агуулах,Peanut butter 400g crunchy Biotech,,1,0,240,0,0,0,0,0,1,0,0,0,240,0
483,Агуулах,Peanut butter 400g smooth Biotech,,0,15,45,0,0,0,0,0,0,0,0,0,60,0
484,Агуулах,Peanut butter 400гр,,3,0,75,0,0,0,0,0,3,15,0,0,60,0
485,Агуулах,Peanut twist 30g,,0,0,0,0,0,0,0,0,0,0,0,0,1,0
486,Агуулах,Power Amino,,28,0,526,0,0,0,0,0,10,0,5,0,150,0
487,Агуулах,Power Anuxai cell burner 450g,,492,3,0,0,0,0,0,0,0,0,0,0,0,0
488,Агуулах,Power BCAA,,50,0,276,0,0,0,0,0,22,58,7,0,240,0
489,Агуулах,Power BCAA - Cola 1х*6ш*420гр,,0,0,7,0,0,0,0,0,0,0,0,0,0,0
490,Агуулах,Power BCAA - Green apple 1х*6ш*420гр,,0,0,39,0,0,0,0,0,0,0,0,0,0,0
491,Агуулах,Power BCAA - Watermelon 420g,,8,58,167,0,0,0,0,0,1,0,0,0,203,0
492,Агуулах,Power Casein,,15,0,396,0,0,0,0,0,6,406,0,0,0,0
493,Агуулах,Power Creatine 300гр,,35,2,335,0,0,0,0,0,19,0,0,0,334,12
494,Агуулах,Power Mass,,21,0,114,0,0,0,0,0,12,5,2,0,120,0
495,Агуулах,Power Mass - Chocolate 5kg,,9,5,156,0,0,0,0,0,3,0,0,0,99,0
496,Агуулах,Power Mass - Vanilla 5kg,,0,0,92,0,0,0,0,0,0,0,0,0,0,0
497,Агуулах,Power Testo 120caps,,10,0,534,0,0,0,0,0,4,0,0,0,540,0
498,Агуулах,Power Whey - Chocolate 2250g,,2,0,246,0,0,0,0,0,0,0,0,0,270,0
499,Агуулах,Power Whey - Vanilla 2250g,,5,0,227,0,0,0,0,0,0,0,0,0,230,0
500,Агуулах,Power Whey 2250гр,,77,3,545,0,0,0,0,0,34,0,10,0,587,0
501,Агуулах,Power casein - Chocolate 900g,,0,406,149,0,0,0,0,0,0,0,0,0,554,0
502,Агуулах,Power professional,,0,0,228,0,0,0,0,0,0,0,0,0,0,0
503,Агуулах,Pre workout booster 240g,,36,0,0,0,0,0,0,0,30,0,0,0,6,0
504,Агуулах,Protein bar 15*55g Caramel peanuts,,225,1,1574,0,0,0,0,0,0,0,0,0,1800,0
505,Агуулах,Protein bar 15*55g Choco caramel,,405,225,2655,0,0,0,0,0,0,0,0,0,3300,0
506,Агуулах,Protein bar 15*55g Cookies cream,,495,750,2055,0,0,0,0,0,0,0,0,0,3300,0
507,Агуулах,Protein bar cookie crunch,,1872,0,414,0,0,0,0,0,36,0,0,0,1836,414
508,Агуулах,Protein bar crisp,,525,0,173,0,0,0,0,0,0,0,0,0,525,173
509,Агуулах,Protein bar mixed,,480,0,0,0,0,0,0,0,0,0,0,0,480,0
510,Агуулах,Protein bar nanosupps,,2345,0,2682,0,0,0,0,0,619,960,0,0,3450,0
511,Агуулах,Protein bar oatcake,,1296,0,524,0,0,0,0,0,72,0,0,0,1224,524
512,Агуулах,Protein brix 25g,,0,0,0,0,0,0,0,0,0,0,0,0,1,0
513,Агуулах,Protein brownie,,0,0,0,0,0,0,0,0,0,0,0,0,12,0
514,Агуулах,Protein chips 7*40g Barbeque,,0,0,147,0,0,0,0,0,0,0,0,0,147,0
515,Агуулах,Protein chips 7*40g sour cream&onion,,0,0,147,0,0,0,0,0,0,0,0,0,147,0
516,Агуулах,Protein cream 400g Caramel,,9,0,270,0,0,0,0,0,0,0,0,0,279,0
517,Агуулах,Protein cream 400g Chocolate hazelnut,,13,7,261,0,0,0,0,0,0,0,0,0,441,0
518,Агуулах,Protein cream 400g Duo white chocolate-chocolate,,9,63,189,0,0,0,0,0,0,0,0,0,99,0
519,Агуулах,Protein cream 400g White chocolate Hazelnut,,11,70,207,0,0,0,0,0,0,0,0,0,450,0
520,Агуулах,Protein cream 400g peanut butter smooth,,29,133,279,0,0,0,0,0,0,0,0,0,441,0
521,Агуулах,Protein cream 400гр,,130,3,780,0,0,0,0,0,107,273,13,0,360,0
522,Агуулах,Protein dips52g,,0,0,0,0,0,0,0,0,0,0,0,0,3,0
523,Агуулах,Protein pops 38g,,0,1,0,0,0,0,0,0,0,0,0,0,2,0
524,Агуулах,Protein snack 35g,,84,0,0,0,0,0,0,0,36,0,0,0,48,0
525,Агуулах,Protein snap,,218,0,1690,0,0,0,0,0,67,0,41,0,1800,0
526,Агуулах,Protein softy 33.3g,,0,0,0,0,0,0,0,0,0,0,0,0,2,0
527,Агуулах,Protein wafer,,164,0,1009,0,0,0,0,0,19,0,2,0,1152,0
528,Агуулах,Pump caffeine free sample,,0,0,50,0,0,0,0,0,0,0,0,0,50,0
529,Агуулах,Raw Intesity DRINK 330ml,,24,0,105,0,0,0,0,0,0,0,0,0,264,0
530,Агуулах,Raw booster shot 60ml,,242,0,0,0,0,0,0,0,0,0,0,0,242,0
531,Агуулах,Raw intensity Blackberry 400g,,66,0,0,0,0,0,0,0,0,0,0,0,66,0
532,Агуулах,Raw intensity Fruit funch 400g,,130,0,24,0,0,0,0,0,0,0,0,0,130,24
533,Агуулах,Rice pudding powder 2000g,,0,0,2,0,0,0,0,0,0,0,0,0,2,0
534,Агуулах,Shaker 600ml,,51,0,652,0,0,0,0,0,32,0,0,0,384,0
535,Агуулах,Shaker 600ml /угсардаг нэмэлттэй/ таслагчтай,,47,0,407,0,0,0,0,0,22,0,0,0,432,0
536,Агуулах,Shaker ALL STARS,,74,0,0,0,0,0,0,0,0,0,0,0,74,0
537,Агуулах,Snack 12*45g BlueBerry,,0,1,119,0,0,0,0,0,0,0,0,0,120,0
538,Агуулах,Snack 12*45g Caramel,,0,0,120,0,0,0,0,0,0,0,0,0,120,0
539,Агуулах,Snack 12*45g Chocolate,,0,0,120,0,0,0,0,0,0,0,0,0,120,0
540,Агуулах,Snack 12*45g Double Chocolate,,0,0,120,0,0,0,0,0,0,0,0,0,120,0
541,Агуулах,Snack 12*45g Peach,,0,0,120,0,0,0,0,0,0,0,0,0,120,0
542,Агуулах,Snack 12*45g Vanilla,,0,0,108,0,0,0,0,0,0,0,0,0,120,0
543,Агуулах,Test-x 150ш,,562,0,0,0,0,0,0,0,0,0,0,0,562,0
544,Агуулах,Tomato soup 30g,,0,0,100,0,0,0,0,0,0,0,0,0,100,0
545,Агуулах,Tribooster 60ш,,2,0,80,0,0,0,0,0,22,0,0,0,60,0
546,Агуулах,Ultimate mass chocolate 2270g,,83,0,3,0,0,0,0,0,0,0,0,0,83,3
547,Агуулах,Vitamin C 60ш,,0,0,10,0,0,0,0,0,10,0,4,0,0,0
548,Агуулах,Vitamin D3 K2 /60ш/,,42,0,404,0,0,0,0,0,25,0,7,0,420,0
549,Агуулах,Whey protein Powder 2270гр 3 төрөл,,690,0,94,0,0,0,0,0,0,0,0,0,690,94
550,Агуулах,Whey protein Powder 908гр 2 төрөл,,102,0,7,0,0,0,0,0,0,0,0,0,102,7
551,Агуулах,ZMA 60ш,,58,0,407,0,0,0,0,0,45,0,8,0,420,0
552,Агуулах,Zero bar,,530,25,1140,0,0,0,0,0,155,30,0,0,1360,0
553,Агуулах,Zero bar Banana 50g,,0,0,360,0,0,0,0,0,0,0,0,0,360,0
554,Агуулах,Zero bar Chocolate 50g,,100,60,1400,0,0,0,0,0,0,0,0,0,1800,0
555,Агуулах,Zero bar Hazelnut 50g,,60,100,1500,0,0,0,0,0,0,0,0,0,1420,0
556,Агуулах,Zero bar caramel 50гр,,0,0,260,0,0,0,0,0,0,0,0,0,260,0
557,Агуулах,Zinc 60ш,,0,0,5,0,0,0,0,0,5,0,4,0,0,0
558,Агуулах,Ундаа Amino 330ml Lemon soda,,1872,376,7252,3,0,0,0,0,0,0,3,0,0,0
559,Агуулах,Ундаа Amino 330ml Passion fruit,,7920,5687,11057,0,0,0,0,0,0,0,90,0,0,0
560,Агуулах,Ундаа Amino 330ml Raspberry,,4044,2308,9111,15,0,0,0,0,0,0,15,0,0,0
561,Агуулах,Ундаа Amino 330ml Super pear,,3480,3907,7935,0,0,0,0,0,0,0,0,0,0,0
562,Агуулах,Ундаа Amino 330ml Waikiki,,22140,3259,9981,0,0,0,0,0,0,0,0,0,0,0
563,Агуулах,Ундаа Amino 330ml Watermelon,,0,1,0,0,0,0,0,0,0,0,0,0,0,0
564,Агуулах,Ундаа Collagen vibe 330ml Mojito,,7624,8583,5494,0,0,0,0,0,120,0,0,0,14256,0
565,Агуулах,Ундаа Collagen vibe 330ml Passion fruit,,8464,14365,5760,0,0,0,0,0,0,0,0,0,19008,0
566,Агуулах,Ундаа Collagen vibe 330ml Pineapple coconut,,3892,17213,7077,0,0,0,0,0,0,0,0,0,16632,0
567,Агуулах,Хөргөгч Amino vibe босоо шилэн нүүртэй,,0,0,0,0,0,0,0,5,0,0,0,0,5,0
568,Агуулах,Хөргөгч Amino vibe дугуй,,0,0,0,0,0,0,0,1,0,0,0,0,1,0
569,Баталгаат агуулах ,Aminotropin 120caplet,,0,1,0,0,0,0,0,0,0,0,0,0,1,0
570,Баталгаат агуулах ,BCAA Powder 420гр,,0,0,90,0,0,0,0,0,0,0,0,0,150,0
571,Баталгаат агуулах ,Creatine Beta Alanine 420g,,0,0,52,0,0,0,0,0,0,0,0,0,100,0
572,Баталгаат агуулах ,EAA Zero 350гр,,0,0,90,0,0,0,0,0,0,0,0,0,120,0
573,Баталгаат агуулах ,Glucosamine 60caps,,0,0,72,0,0,0,0,0,12,0,0,0,84,0
574,Баталгаат агуулах ,ISO Whey 2270g Black,,0,0,6,0,0,0,0,0,0,0,0,0,6,0
575,Баталгаат агуулах ,L-Glutamine 240гр,,0,0,40,0,0,0,0,0,0,0,0,0,50,0
576,Баталгаат агуулах ,MSM+ Vitamin C 150g,,0,0,78,0,0,0,0,0,6,0,0,0,138,0
577,Баталгаат агуулах ,Mineral Plex 1000мл шилтэй,,0,0,584,0,0,0,0,0,0,0,0,0,600,0
578,Баталгаат агуулах ,Pre workout booster 240g,,0,0,36,0,0,0,0,0,0,0,0,0,60,0
579,Баталгаат агуулах ,Protein bar cookie crunch,,0,0,36,0,0,0,0,0,0,0,0,0,36,0
580,Баталгаат агуулах ,Protein bar oatcake,,0,0,72,0,0,0,0,0,0,0,0,0,72,0
581,Баталгаат агуулах ,Protein snack 35g,,0,0,36,0,0,0,0,0,0,0,0,0,36,0
582,Баталгаат агуулах ,Tribooster 60ш,,0,0,20,0,0,0,0,0,0,0,0,0,60,0
583,Бямбацогт,Cheese soup 30g,,12,0,0,0,0,0,0,0,12,0,0,0,0,0
584,Бямбацогт,Crush Bar,,1,0,0,0,0,0,0,0,1,0,0,0,0,0
585,Бямбацогт,EAA Zero 350g Lemon,,17,0,0,0,0,0,0,0,17,0,0,0,0,0
586,Бямбацогт,EAA Zero 350g blue grape,,5,0,0,0,0,0,0,0,5,0,0,0,0,0
587,Бямбацогт,Hyper Mass - Chocolate 1kg,,6,0,0,0,0,0,0,0,6,0,0,0,0,0
588,Бямбацогт,Hyper Mass - Vanilla 1kg,,5,0,0,0,0,0,0,0,5,0,0,0,0,0
589,Бямбацогт,Hyper Mass 1000гр,,1,0,0,0,0,0,0,0,1,0,0,0,0,0
590,Бямбацогт,Hyper mass sample 65g chocolate,,5,0,0,0,0,0,0,0,5,0,0,0,0,0
591,Бямбацогт,ISO Whey 500g - Banana,,11,0,0,0,0,0,0,0,11,0,0,0,0,0
592,Бямбацогт,ISO Whey 500g - Coconut,,1,0,0,0,0,0,0,0,1,0,0,0,0,0
593,Бямбацогт,ISO Whey 500g - Cookies,,2,0,0,0,0,0,0,0,2,0,0,0,0,0
594,Бямбацогт,ISO Whey 500g - Hazelnut,,18,0,0,0,0,0,0,0,18,0,0,0,0,0
595,Бямбацогт,ISO Whey 500g - Raspberry,,20,0,0,0,0,0,0,0,20,0,0,0,0,0
596,Бямбацогт,ISO Whey 500g - Strawberry,,10,0,0,0,0,0,0,0,10,0,0,0,0,0
597,Бямбацогт,ISO Whey 500g - Tiramisu,,1,0,0,0,0,0,0,0,1,0,0,0,0,0
598,Бямбацогт,ISO Whey 500g - Vanilla,,11,0,0,0,0,0,0,0,11,0,0,0,0,0
599,Бямбацогт,ISO Whey 500g - White chocolate,,16,0,0,0,0,0,0,0,16,0,0,0,0,0
600,Бямбацогт,ISO Whey 500гр,,1,0,0,0,0,0,0,0,1,0,0,0,0,0
601,Бямбацогт,ISO Whey sample - Chocolate 25g,,15,0,0,0,0,0,0,0,15,0,0,0,0,0
602,Бямбацогт,ISO Whey sample - Strawberry 25g,,10,0,0,0,0,0,0,0,10,0,0,0,0,0
603,Бямбацогт,ISO Whey sample - Vanilla 25g,,10,0,0,0,0,0,0,0,10,0,0,0,0,0
604,Бямбацогт,ISO Whey sample - coconut 25g,,5,0,0,0,0,0,0,0,5,0,0,0,0,0
605,Бямбацогт,L-Carnitine 100.000 - Apple 500ml,,25,0,0,0,0,0,0,0,25,0,0,0,0,0
606,Бямбацогт,L-Carnitine 100.000 - Cherry 500ml,,25,0,0,0,0,0,0,0,25,0,0,0,0,0
607,Бямбацогт,L-Carnitine powder 300g,,54,0,0,0,0,0,0,0,54,0,0,0,0,0
608,Бямбацогт,L-Carnitine shot,,120,0,0,0,0,0,0,0,120,0,0,0,0,0
609,Бямбацогт,L-Glutamine 240гр,,2,0,0,0,0,0,0,0,2,0,0,0,0,0
610,Бямбацогт,Multivitamin  90ш,,5,0,0,0,0,0,0,0,5,0,0,0,0,0
611,Бямбацогт,Nitrox - Blue grape 680g,,8,0,0,0,0,0,0,0,8,0,0,0,0,0
612,Бямбацогт,Nitrox - Cranberry 680гр,,4,0,0,0,0,0,0,0,4,0,0,0,0,0
613,Бямбацогт,Nitrox - Peach 680гр,,24,0,0,0,0,0,0,0,24,0,0,0,0,0
614,Бямбацогт,Nitrox - Tropical 680гр,,8,0,0,0,0,0,0,0,8,0,0,0,0,0
615,Бямбацогт,Oatmeal 1kg apple&banana,,14,0,0,0,0,0,0,0,14,0,0,0,0,0
616,Бямбацогт,Oatmeal 1kg chocolate,,15,0,0,0,0,0,0,0,15,0,0,0,0,0
617,Бямбацогт,Omega 3 /90ш/,,9,0,0,0,0,0,0,0,9,0,0,0,0,0
618,Бямбацогт,Peanut butter 400g crunchy Biotech,,14,0,0,0,0,0,0,0,14,0,0,0,0,0
619,Бямбацогт,Power Amino,,15,0,0,0,0,0,0,0,15,0,0,0,0,0
620,Бямбацогт,Power BCAA,,2,0,0,0,0,0,0,0,2,0,0,0,0,0
621,Бямбацогт,Power BCAA - Watermelon 420g,,2,0,0,0,0,0,0,0,2,0,0,0,0,0
622,Бямбацогт,Power Mass,,4,0,0,0,0,0,0,0,4,0,0,0,0,0
623,Бямбацогт,Power Mass - Chocolate 5kg,,4,0,0,0,0,0,0,0,4,0,0,0,0,0
624,Бямбацогт,Power Testo 120caps,,7,0,0,0,0,0,0,0,7,0,0,0,0,0
625,Бямбацогт,Power Whey - Chocolate 2250g,,15,0,0,0,0,0,0,0,15,0,0,0,0,0
626,Бямбацогт,Power Whey - Vanilla 2250g,,27,0,0,0,0,0,0,0,27,0,0,0,0,0
627,Бямбацогт,Power casein - Chocolate 900g,,7,0,0,0,0,0,0,0,7,0,0,0,0,0
628,Бямбацогт,Protein bar 15*55g Caramel peanuts,,76,0,0,0,0,0,0,0,76,0,0,0,0,0
629,Бямбацогт,Protein bar 15*55g Choco caramel,,155,0,0,0,0,0,0,0,155,0,0,0,0,0
630,Бямбацогт,Protein bar 15*55g Cookies cream,,108,0,0,0,0,0,0,0,108,0,0,0,0,0
631,Бямбацогт,Protein bar cookie crunch,,18,0,0,0,0,0,0,0,18,0,0,0,0,0
632,Бямбацогт,Protein cream 400g Caramel,,7,0,0,0,0,0,0,0,7,0,0,0,0,0
633,Бямбацогт,Protein cream 400g Chocolate hazelnut,,9,0,0,0,0,0,0,0,9,0,0,0,0,0
634,Бямбацогт,Protein cream 400g Duo white chocolate-chocolate,,6,0,0,0,0,0,0,0,6,0,0,0,0,0
635,Бямбацогт,Protein cream 400g White chocolate Hazelnut,,3,0,0,0,0,0,0,0,3,0,0,0,0,0
636,Бямбацогт,Protein cream 400g peanut butter smooth,,8,0,0,0,0,0,0,0,8,0,0,0,0,0
637,Бямбацогт,Protein snap,,55,0,0,0,0,0,0,0,55,0,0,0,0,0
638,Бямбацогт,Protein wafer,,16,0,0,0,0,0,0,0,16,0,0,0,0,0
639,Бямбацогт,Shaker 600ml,,15,0,0,0,0,0,0,0,15,0,0,0,0,0
640,Бямбацогт,Shaker 600ml /угсардаг нэмэлттэй/ таслагчтай,,16,0,0,0,0,0,0,0,16,0,0,0,0,0
641,Бямбацогт,Tomato soup 30g,,6,0,0,0,0,0,0,0,6,0,0,0,0,0
642,Бямбацогт,Vitamin C 60ш,,3,0,0,0,0,0,0,0,3,0,0,0,0,0
643,Бямбацогт,Vitamin D3 K2 /60ш/,,3,0,0,0,0,0,0,0,3,0,0,0,0,0
644,Бямбацогт,ZMA 60ш,,4,0,0,0,0,0,0,0,4,0,0,0,0,0
645,Бямбацогт,Zinc 60ш,,3,0,0,0,0,0,0,0,3,0,0,0,0,0
646,Бямбацогт,Ундаа Amino 330ml Passion fruit,,166,0,0,0,0,0,0,0,166,0,0,0,0,0
647,Бямбацогт,Ундаа Amino 330ml Raspberry,,9,0,0,0,0,0,0,0,9,0,0,0,0,0
648,Бямбацогт,Ундаа Amino 330ml Super pear,,127,0,0,0,0,0,0,0,127,0,0,0,0,0
649,Бямбацогт,Ундаа Amino 330ml Waikiki,,82,0,0,0,0,0,0,0,82,0,0,0,0,0
650,Бямбацогт,Ундаа Collagen vibe 330ml Mojito,,108,0,0,0,0,0,0,0,108,0,0,0,0,0
651,Бямбацогт,Ундаа Collagen vibe 330ml Passion fruit,,72,0,0,0,0,0,0,0,72,0,0,0,0,0
652,Бямбацогт,Ундаа Collagen vibe 330ml Pineapple coconut,,9,0,0,0,0,0,0,0,9,0,0,0,0,0
653,Оффис,Amino Liquid currant 1л шилтэй,,0,0,0,0,0,0,12,0,12,0,0,0,0,0
654,Оффис,Anuxai Shaker 500ml+150,,0,0,0,0,0,0,0,0,300,0,0,0,0,0
655,Оффис,BCAA Powder 420гр,,78,0,0,0,0,0,5,0,83,0,0,0,0,0
656,Оффис,Bedford 2,,0,0,0,0,0,0,0,0,5,0,0,0,0,0
657,Оффис,Bedford 5,,0,0,0,0,0,0,0,0,1,0,0,0,0,0
658,Оффис,Fitness cream 200ml,,0,0,0,0,0,0,0,0,2,0,0,0,0,0
659,Оффис,Hyper Mass 1000гр,,0,0,0,0,0,0,0,0,13,0,0,0,0,0
660,Оффис,Hyper mass sample,,0,0,0,0,0,0,0,0,2,0,0,0,0,0
661,Оффис,Jack's BCAA 300g,,0,0,6,0,0,0,0,0,6,0,0,0,0,0
662,Оффис,Jack's book,,0,0,0,0,0,0,0,0,3,0,0,0,0,0
663,Оффис,L-Carnitine 100.000,,0,0,0,0,0,0,0,0,3,0,0,0,0,0
664,Оффис,Magna shot 25ml,,0,0,0,0,0,0,0,0,6,0,0,0,0,0
665,Оффис,Mass gain 2000g,,0,0,0,0,0,0,4,0,4,0,0,0,0,0
666,Оффис,Mineral Plex 1000мл шилтэй,,0,0,0,17,0,0,9,0,21,0,5,0,0,0
667,Оффис,Mission 210g,,0,0,0,0,0,0,0,0,9,0,0,0,0,0
668,Оффис,Nitrox 680гр,,0,0,0,0,0,0,0,0,1,0,0,0,0,0
669,Оффис,Power BCAA,,0,0,0,0,0,0,0,0,2,0,0,0,0,0
670,Оффис,Power Casein,,0,0,0,0,0,0,0,0,101,0,0,0,0,0
671,Оффис,Power Mass,,0,0,0,0,0,0,0,0,2,0,0,0,0,0
672,Оффис,Power Testo 120caps,,0,0,0,0,0,0,0,0,3,0,0,0,0,0
673,Оффис,Pre workout booster 240g,,6,0,0,0,0,0,0,0,6,0,0,0,0,0
674,Оффис,Raw intensity Blackberry 400g,,0,0,0,0,0,0,2,0,2,0,0,0,0,0
675,Оффис,Rice pudding powder 2000g,,0,0,0,0,0,0,0,0,2,0,0,0,0,0
676,Оффис,Shaker 600ml,,0,0,0,0,0,0,0,0,4,0,0,0,0,0
677,Оффис,Test-x 150ш,,0,0,0,0,0,0,21,0,21,0,0,0,0,0
678,Оффис,Tribooster 60ш,,0,0,0,0,0,0,0,0,1,0,0,0,0,0
679,Оффис,Vitamin D3 K2 /60ш/,,0,0,0,0,0,0,0,0,127,0,0,0,0,0
680,Оффис,Whey protein Powder 2270гр 3 төрөл,,0,0,0,0,0,0,14,0,14,0,0,0,0,0
681,Оффис,ZMA 60ш,,0,0,0,0,0,0,0,0,6,0,0,0,0,0
